id,open_date,type,P1,P2,P3,P4,P5,P6,P7,P8,revenue
87895,12/12/2011,IL,5,3,2,3,5,4,2,5,12868628
42772,12/17/2006,IL,5,3,1,1,5,4,7.5,3,18386594
75893,10/04/2012,IL,5,2,3,2,5,1,3,5,20653754
19120,04/12/2013,IL,10,6,2,2,8,2,7.5,4,13583490
15290,01/17/2012,IL,10,2,1,2,5,2,5,4,16700517
35737,12/28/2010,IL,4,1,5,5,5,2,3,4,13851783
43194,09/13/1999,IL,5,2,1,1,8,5,3,4,14499118
78358,06/16/2012,FC,5,3,1,4,8,2,7.5,5,12856948
73962,12/07/2008,IL,5,5,1,1,10,4,3,8,13972752
54131,07/14/2000,FC,5,4,1,3,10,4,3,5,14001425
42342,11/25/2009,FC,10,5,1,1,5,5,3,8,13196938
9752,02/06/2007,FC,5,3,2,3,5,5,1,5,13912322
88091,05/29/2013,FC,5,3,1,2,5,4,2,5,13041980
88422,12/03/2012,FC,10,2,2,4,4,3,3,4,14217991
85850,05/01/2013,FC,5,2,25,2,4,2,3,2,7168114
45836,08/23/2013,FC,5,2,10,2,4,3,3,4,12294801
43357,09/14/2009,IL,5,4,15,2,4,2,3,5,10223396
88559,09/13/2006,IL,4,3,5,1,10,2,2,8,12167127
58313,12/17/2013,IL,5,5,1,2,10,2,2,4,14584676
21703,12/17/2013,IL,5,5,1,1,5,8,1,3,13030828
87977,04/04/2008,IL,5,3,3,1,4,1,3,5,12187488
61332,07/17/2009,FC,5,4,20,2,5,2,7.5,4,9188470
63332,10/04/2013,IL,5,1,4,2,5,10,5,4,13417918
26975,04/09/2000,IL,5,2,3,4,5,1,3,5,12976170
42068,11/19/2009,IL,5,2,1,5,4,2,3,4,20377986
19938,01/04/2014,IL,5,4,2,1,5,3,3,4,18925528
57450,03/19/2012,FC,10,4,2,1,4,3,1,4,12281608
52581,04/08/2010,FC,5,5,1,1,3,1,1,5,14974569
85516,07/15/2013,FC,5,2,5,2,5,1,2,5,11728663
14226,06/28/2012,IL,10,5,1,1,5,3,3,4,14530738
47743,05/03/2009,FC,4,5,3,1,8,2,3,4,12288327
93045,09/07/2010,FC,5,3,1,2,4,2,3,4,13011013
90177,12/21/2012,FC,5,4,1,1,5,2,3,10,20364051
83492,06/01/2012,MB,5,2,2,1,5,3,3,5,13621200
25887,07/07/2010,FC,5,3,4,2,4,2,3,10,13395264
65478,05/05/2007,FC,5,4,1,1,5,2,7.5,4,14107308
48167,09/09/2013,IL,5,2,2,3,3,3,3,5,12689554
74923,09/26/2003,FC,5,1,1,4,10,2,2,5,20100762
535,04/22/2008,FC,5,4,1,2,3,2,7.5,4,10374076
14171,12/28/2011,FC,5,1,15,4,4,2,3,3,9814281
72628,03/05/2012,FC,4,2,2,1,5,1,3,5,14161827
14639,03/06/2013,IL,5,4,1,3,8,1,3,4,14521888
20881,08/25/2006,FC,5,5,3,1,6,3,3,4,9841047
27743,05/03/2009,FC,5,1,1,5,4,3,3,5,14338551
6913,11/22/2012,DT,4,2,10,3,5,2,3,4,10939636
2631,01/31/2012,FC,4,4,1,2,5,2,2,6,12781026
96849,05/16/2008,FC,5,2,5,5,5,2,3,5,11832259
606,02/21/2013,IL,10,4,3,2,5,2,2,8,13157765
47421,10/04/2000,FC,4,1,1,3,5,4,1,6,14685656
25994,09/09/2013,FC,5,5,1,1,4,2,2,8,9503384
45852,11/05/2009,IL,10,2,5,3,3,4,7.5,8,12527362
69612,09/26/2003,FC,5,1,5,3,3,5,3,5,11649816
23989,02/19/2010,FC,5,3,5,1,5,4,3,4,20532882
21814,01/05/2000,IL,5,2,2,1,5,3,3,5,13969311
39463,05/06/2013,FC,5,10,1,2,5,2,7.5,5,13695722
14411,11/13/2013,FC,10,2,5,1,5,4,3,10,11096119
53093,07/14/2000,IL,5,3,5,2,10,1,2,5,12161283
47042,06/01/2012,IL,10,3,15,2,4,2,2,5,10894187
14763,07/22/2010,FC,5,5,4,1,5,3,3,10,12497074
46570,11/22/2012,IL,5,4,1,1,5,4,7.5,4,12149035
3530,03/06/2013,FC,5,2,5,1,5,1,1,4,17810894
2626,09/04/2009,IL,5,1,1,3,4,2,1,5,14772063
83390,02/09/2010,IL,5,4,5,3,8,4,1,5,13063811
77886,04/04/2008,IL,5,2,1,1,5,2,0,4,13361623
92898,12/02/2007,FC,10,4,1,5,5,2,3,3,13046998
45473,02/06/2007,IL,5,2,1,2,5,3,3,5,14969021
60699,04/13/2007,IL,4,3,5,2,6,2,7.5,5,15371671
85001,11/27/2011,IL,4,1,2,5,5,3,3,4,13623214
75938,12/18/1998,IL,10,2,5,1,5,2,7.5,3,11546723
50956,12/20/1997,FC,4,4,4,3,4,5,2,4,12648209
40122,06/17/2010,FC,5,1,1,4,4,4,3,4,14243524
95000,12/31/1997,IL,5,1,2,2,4,2,3,4,13933093
80710,03/05/1996,FC,5,4,2,1,5,6,3,4,12699041
36032,11/19/2009,IL,10,3,3,2,3,4,7.5,5,13984563
14308,09/13/1999,DT,5,5,3,3,5,4,7.5,5,12974633
18864,07/04/2011,IL,4,2,5,3,5,4,1,4,13525143
63707,12/23/2005,FC,10,5,1,5,10,1,3,5,12929366
87765,11/03/2012,IL,5,2,3,1,2,2,3,4,15866406
24774,03/19/2009,FC,5,2,1,4,5,2,0,4,11099827
744,06/29/1997,IL,5,2,1,2,10,6,3,4,14539760
39517,06/23/2009,IL,10,10,1,2,4,2,3,5,14883225
95204,05/03/2013,FC,4,3,4,2,5,3,3,4,12039168
43735,05/04/2012,IL,10,3,1,4,5,2,3,6,19608138
27668,01/23/2009,FC,4,4,2,4,4,2,2,5,12319071
94219,12/07/2004,FC,4,2,3,1,3,2,2,1,11897219
92987,11/01/2007,FC,5,5,1,3,5,2,3,4,14901188
4470,11/12/2010,IL,4,1,3,2,4,6,1,10,12686760
50424,10/05/2010,FC,5,5,2,2,4,1,2,5,15207964
8805,03/09/1998,IL,5,2,1,4,3,4,2,5,12406184
55508,07/23/2011,FC,5,10,2,3,4,2,3,6,14093410
27368,05/30/2006,FC,4,3,1,1,5,2,2,5,10911799
85827,06/26/2010,FC,5,5,5,2,4,2,2,4,13272090
20589,10/11/2010,FC,5,4,1,1,4,2,3,5,13739626
34501,08/24/1996,IL,5,1,10,5,6,3,3,4,10068421
62612,11/03/2012,IL,4,1,1,1,5,2,2,4,12566833
47872,06/06/2013,FC,5,4,2,4,5,2,2,3,13370380
46588,07/10/2013,IL,5,4,25,5,5,4,3,5,8562301
83761,09/06/1997,IL,4,6,3,1,4,2,3,4,14651981
99961,12/31/1997,IL,5,4,5,1,5,2,7.5,5,13612106
33266,11/22/2009,IL,4,6,1,2,3,3,3,5,20802061
67072,12/20/1997,FC,4,2,2,2,5,2,2,4,13214020
24159,08/05/2011,FC,5,3,1,1,4,4,3,5,13604785
68864,10/05/2010,IL,5,3,1,2,5,6,2,5,14770824
39795,11/05/2008,FC,10,5,3,1,5,4,2,6,13094596
41891,04/12/2012,FC,8,1,20,5,5,4,3,4,11589857
16307,11/01/2006,FC,5,3,15,1,4,5,3,3,11498117
94731,04/12/1997,IL,5,1,4,1,5,5,3,4,10301388
86192,11/21/2009,FC,5,3,4,1,10,5,2,4,11801680
72354,10/10/2013,FC,5,10,2,2,8,4,1,5,13088903
76640,02/26/2011,IL,4,1,3,1,8,5,3,10,11726167
2912,06/29/1997,IL,4,1,5,2,4,5,10,5,12965676
33113,04/22/2010,IL,5,1,3,1,5,2,3,4,13791750
89188,03/02/1998,FC,5,2,10,1,4,2,2,8,12924114
84466,01/05/2000,IL,10,5,1,5,4,3,3,8,13121705
2342,11/22/2009,FC,5,3,1,2,5,2,3,4,8771446
86937,04/01/2000,FC,5,2,1,2,5,2,7.5,4,12748658
64230,02/11/1998,IL,8,8,4,3,5,4,3,5,12353285
19824,05/12/2013,FC,5,2,2,3,3,2,3,2,13390083
23589,09/13/1999,FC,5,4,1,5,10,1,3,4,12972449
44102,05/08/1995,FC,10,5,4,1,5,3,3,4,16679084
96587,04/19/2013,FC,10,3,3,1,5,4,3,4,14314779
70111,12/20/1997,FC,5,5,15,5,5,4,3,3,10163135
44155,09/01/2001,FC,5,2,5,4,4,1,3,5,12761410
7528,11/05/2008,IL,5,10,10,5,5,3,7.5,5,13223643
98988,09/23/2008,FC,8,3,3,1,10,2,2,6,12855233
29036,08/03/2012,FC,5,4,3,1,4,2,1,4,12651785
98119,02/26/2011,IL,4,1,1,2,5,6,1,4,21635762
91908,11/01/2006,FC,5,3,1,4,5,5,1,4,13661423
96809,09/20/2013,FC,8,4,2,3,5,3,2,5,13862998
2965,05/01/1998,FC,4,3,4,1,5,2,7.5,5,13065469
68010,10/18/2012,FC,5,1,2,3,10,2,3,4,14080046
35181,12/04/1999,FC,5,1,20,1,4,4,2.5,5,8983718
56456,08/03/2012,IL,5,3,1,2,4,5,3,4,14746515
55834,07/12/2012,FC,4,3,5,2,5,2,2,5,13124875
37879,03/30/2002,FC,4,4,3,1,4,2,1,5,14961409
69248,11/03/2012,IL,4,4,3,3,4,3,3,5,12377818
2428,08/26/2000,DT,5,5,2,2,5,4,1,3,13649443
53253,07/04/2011,FC,5,2,5,1,5,4,3,5,12791032
76533,02/16/2010,FC,5,3,3,1,5,4,3,5,13201756
72535,09/15/2011,IL,5,4,2,5,5,1,3,5,14039375
78812,08/13/2009,FC,8,5,4,2,3,4,1,4,14615533
23210,03/29/2013,FC,5,1,4,2,5,2,3,5,12560226
75456,02/26/2010,FC,5,5,1,3,5,2,3,5,17939180
21591,07/10/2013,FC,4,2,3,2,5,1,3,2,11973630
24427,09/20/2013,FC,5,1,1,5,6,2,1,5,12793628
60119,04/03/2010,FC,5,2,1,2,5,2,2,4,13406291
22775,06/20/2011,FC,5,2,10,3,5,2,1,8,12307195
91298,11/19/2009,IL,5,4,3,2,5,5,0,5,12933071
3526,03/17/2007,IL,5,5,25,2,5,4,2,5,6645669
24558,10/10/2011,DT,10,1,1,1,3,3,3,5,13859281
7603,11/13/2013,FC,5,3,1,1,5,2,2,4,12752588
79796,08/02/2011,FC,4,1,1,2,4,4,7.5,4,13215708
28754,01/14/2011,IL,4,3,1,2,5,2,3,4,13656406
92812,04/04/2012,FC,10,2,4,1,5,4,2,5,12365034
18371,11/22/2009,FC,5,1,2,2,5,2,2.5,4,12565286
58794,03/09/1998,IL,8,4,1,1,8,2,3,4,11764524
51236,08/20/2011,IL,4,3,1,1,4,2,3,4,11896163
98457,10/28/2008,FC,4,4,1,5,5,2,3,5,13491962
33419,05/18/2011,FC,5,3,2,1,4,2,3,5,20743028
18218,02/27/2013,FC,5,10,2,1,4,4,1,4,13915251
27098,01/20/2012,IL,5,2,1,2,5,5,3,4,13876096
40940,11/21/1999,FC,5,4,2,3,4,2,2,3,13326489
28608,08/15/2005,FC,5,3,1,1,10,2,2,4,15788097
43557,03/14/2012,IL,5,1,2,3,5,1,1,5,8959477
86081,08/23/2013,IL,5,5,5,2,5,5,3,3,14190359
80894,02/26/2010,FC,5,1,25,2,5,2,3,4,10783555
92380,08/19/2006,FC,5,4,1,3,3,2,3,5,13607357
92397,09/26/2006,IL,10,3,2,3,3,4,2.5,4,14303703
59853,06/08/2000,FC,5,2,25,5,5,2,3,5,7576949
86711,04/22/2010,FC,5,4,5,4,5,4,3,10,13026575
11179,09/09/2010,FC,5,2,1,5,3,2,2,4,14641585
93272,11/05/2008,IL,5,4,1,3,4,1,3,8,14253682
10720,11/25/2008,FC,5,3,1,1,6,2,2,4,12819821
84140,03/15/2011,IL,5,2,4,3,4,2,2,5,13521218
59887,11/05/2009,IL,5,3,25,1,6,3,3,3,8353896
88034,02/26/2010,FC,5,6,1,1,4,4,3,10,12855431
88025,03/06/2013,FC,5,3,4,2,8,5,5,3,13332534
66464,03/28/2009,IL,5,5,1,1,4,3,3,4,11513987
8632,08/02/1995,IL,4,3,1,3,5,2,3,4,13943841
88634,12/17/2013,IL,4,2,3,5,8,4,3,3,14094542
47047,03/07/2010,IL,5,3,1,3,5,4,2,8,14514134
53040,10/24/2006,FC,5,2,1,5,4,3,7.5,4,19385930
49689,02/16/2007,FC,5,2,2,3,5,6,7.5,4,13057185
94476,10/17/2008,FC,5,1,20,5,3,2,3,4,8650692
63399,01/23/2009,FC,5,8,1,4,4,2,2,5,22468077
13478,11/21/2009,FC,5,5,1,5,5,2,7.5,4,14164959
2021,10/14/2013,FC,5,2,2,1,5,6,3,4,12578265
86847,09/19/2009,IL,5,2,4,4,5,2,3,4,12706675
18735,05/04/2012,IL,5,4,3,1,3,2,5,4,13589024
48100,03/14/2012,FC,5,4,1,3,5,2,2,5,14472147
32991,06/01/2012,FC,5,4,25,3,3,5,3,4,7223097
68616,12/18/1998,FC,5,2,5,2,5,5,3,5,13075537
66335,12/29/2012,IL,5,2,1,4,4,3,3,4,15383976
88870,11/26/2010,FC,10,5,1,4,5,3,7.5,4,14225825
42739,11/27/2011,IL,4,5,2,2,4,2,2,4,13130677
89022,11/29/2008,FC,10,3,15,3,5,2,2,4,9457214
33805,01/05/2000,FC,10,3,10,1,5,2,3,4,12563944
87479,07/18/2011,FC,5,3,1,3,5,2,3,4,14412599
67764,10/04/2013,FC,8,2,1,4,5,2,3,4,13846857
13496,12/30/2011,FC,5,5,1,5,4,2,1,10,12247176
23000,05/06/2013,IL,5,4,1,5,5,5,3,4,14753158
58446,06/01/2012,MB,8,1,1,3,6,1,3,8,13223989
96279,06/13/2009,IL,10,6,1,3,5,2,3,5,13265027
65481,05/30/2006,IL,5,3,1,5,8,3,7.5,6,13742826
91385,06/13/2006,FC,10,1,2,4,4,5,3,5,14959784
66340,03/05/1996,IL,4,3,1,3,3,2,3,4,14117176
8674,08/20/2004,FC,5,10,5,1,6,2,3,5,13365110
67090,09/01/2001,FC,5,3,3,1,5,1,3,4,12492162
15831,12/28/2010,IL,4,5,4,2,5,3,3,4,19285093
29051,03/30/2002,FC,5,3,1,1,5,1,1,4,12860450
57790,11/29/2007,IL,5,2,1,4,5,2,3,4,13550513
18175,10/29/2007,FC,5,2,3,3,4,2,1,5,14419701
15156,12/24/2010,IL,4,4,1,3,4,3,1,4,14123098
17,08/07/2013,IL,5,2,25,3,5,2,3,5,6605258
41900,11/17/2009,FC,5,3,4,1,5,2,3,5,12750844
90818,08/02/2011,FC,5,10,5,2,5,5,1,4,19877997
76548,12/04/1999,FC,4,5,5,2,10,3,3,5,14545196
27645,04/12/2013,IL,5,1,3,2,4,3,2,10,13390295
91937,10/06/2006,FC,5,5,4,5,5,2,2,3,13977853
74941,10/06/2006,FC,5,2,1,1,4,4,3,4,11667709
28467,12/07/2004,DT,8,1,1,1,5,2,3,5,13077114
26445,08/02/2010,IL,5,6,5,1,5,3,3,4,16469039
56996,11/19/2009,IL,5,5,2,3,5,2,3,5,11993348
44051,01/03/2013,FC,5,6,5,3,3,3,3,4,12662763
91712,08/02/2010,IL,4,3,2,3,3,2,3,5,12633752
61483,04/14/2009,IL,5,4,2,5,4,2,0,4,13606194
82653,10/06/2006,FC,4,3,5,5,5,3,3,8,12476067
8579,12/23/2011,IL,5,5,3,2,8,2,3,8,12197941
41056,07/04/2008,FC,5,3,1,4,10,5,3,5,14435533
56346,08/02/1995,IL,5,4,2,1,5,2,3,5,13445437
85906,10/12/2013,FC,4,2,2,5,4,1,2,5,12222567
22669,03/19/2012,IL,5,3,5,5,10,2,3,4,13189585
82630,06/28/2012,FC,4,2,1,2,5,4,3,2,16345663
62766,10/18/2012,IL,5,2,4,4,5,2,7.5,8,13368205
32413,05/06/2013,IL,5,2,1,2,10,2,2,4,13521132
27532,06/20/2011,IL,4,3,1,1,5,4,1,4,16402098
38259,04/14/2009,IL,5,1,1,2,4,2,2,5,14154262
34122,07/04/2011,FC,5,3,1,2,10,3,5,3,20325315
68891,09/03/2010,FC,5,5,1,2,4,2,2,4,16007106
4936,12/02/2007,FC,5,5,2,4,5,1,1,4,11944587
38863,06/01/2012,FC,5,2,2,5,5,1,3,5,13617237
78984,11/29/2007,FC,5,3,5,5,8,4,3,5,11756039
84402,01/17/2012,IL,5,4,1,2,5,6,7.5,3,13925774
60700,03/30/2002,FC,5,2,5,1,3,2,7.5,4,11119097
32960,10/25/2013,FC,5,2,25,3,4,2,1,4,8563505
23001,08/02/2011,IL,5,3,1,3,4,1,3,5,12897779
23337,09/07/2010,FC,5,4,1,2,5,2,3,5,14270851
49326,12/21/2012,FC,5,5,1,4,5,4,3,5,12729534
98093,03/30/2002,FC,5,3,5,3,5,3,3,5,14285133
77618,06/24/2011,FC,5,2,1,2,10,2,2,4,12292989
28099,11/27/2008,FC,5,1,1,2,5,4,3,4,14258792
31990,11/01/2007,IL,5,2,3,2,5,2,3,5,12485287
388,08/02/2011,FC,5,3,5,3,5,2,10,8,9695857
70280,05/03/2013,FC,10,1,1,4,4,2,3,4,14725174
43249,08/05/2011,FC,5,2,1,3,5,10,3,4,14248263
66057,04/12/2012,FC,5,5,5,1,4,4,3,10,12465641
40799,08/22/2004,FC,4,2,2,1,4,4,7.5,5,14132375
53507,10/12/2013,IL,4,2,2,1,5,2,3,5,14146143
57382,03/09/1998,IL,5,10,15,2,10,3,1,4,11234229
54545,06/18/2007,IL,10,4,1,4,4,6,3,6,14283181
53045,09/20/2013,FC,4,1,25,3,5,4,3,8,10086394
29942,08/28/2009,MB,5,4,1,1,4,2,2,4,13398744
30993,05/03/2013,FC,5,2,1,1,4,5,0,4,13966455
67329,09/20/2013,FC,5,1,1,2,4,3,2,4,14095680
42041,09/26/2006,IL,4,3,3,4,5,2,2,8,11479211
9642,02/15/2010,IL,10,6,1,2,4,2,3,4,13110823
73947,08/23/2013,FC,4,5,1,3,8,3,2,5,14255964
16701,06/01/2012,IL,4,5,2,2,5,1,3,3,15334961
25601,07/28/2000,DT,5,4,25,2,5,1,1,5,12665260
52828,02/21/2013,IL,5,5,1,1,5,2,0,4,10988256
57317,07/16/2012,DT,5,1,10,1,4,6,0,4,9064844
86361,06/26/2010,FC,5,3,2,3,5,5,2,4,14893589
51183,11/14/2012,IL,5,5,10,3,5,4,2,10,11774264
95113,04/19/2013,FC,5,5,25,3,2,3,0,5,6985634
4690,05/02/2008,FC,5,1,2,5,4,2,3,5,13474798
1305,04/08/2010,IL,5,3,2,2,4,8,3,2,18145114
20478,09/03/2010,FC,10,3,1,1,4,3,3,4,13872242
38427,07/18/2011,FC,4,2,1,1,5,2,0,5,12722112
57412,10/14/2013,FC,5,1,3,1,4,2,3,5,15018381
90187,02/26/2010,FC,5,5,2,2,5,2,2,8,12892790
85365,11/22/2007,FC,10,2,1,2,5,4,0,5,10567846
45114,04/06/1998,FC,4,5,1,1,3,2,3,5,13298919
67636,07/04/2008,IL,5,6,2,1,4,2,3,5,15773625
70386,11/14/2012,IL,5,5,1,2,4,10,2,4,14835284
89899,08/20/2004,IL,4,5,5,2,4,2,2,8,13727548
62749,11/21/1999,FC,5,5,2,1,8,4,7.5,5,13234582
4015,03/19/2012,IL,10,3,2,1,5,3,3,1,13145142
70013,07/15/2011,FC,5,5,25,3,4,4,1,10,6809254
47066,12/30/2011,IL,4,4,1,3,3,2,1,1,13276432
98573,07/15/2013,IL,5,1,3,1,4,2,3,3,13527161
51195,11/21/1999,FC,5,1,1,2,8,2,3,3,10847280
98311,07/07/2010,IL,10,4,1,2,4,2,3,4,14805178
90246,03/01/2008,FC,5,1,15,2,5,2,3,5,6098426
72456,03/30/2002,FC,5,3,2,1,3,2,1,8,14276032
57906,05/07/2010,FC,5,10,2,3,10,2,7.5,4,16226308
55976,02/01/2011,IL,5,4,1,3,8,2,2,4,13359637
39454,04/28/2012,IL,5,3,1,5,4,3,7.5,4,14452926
36483,10/23/1999,DT,8,5,1,2,5,2,3,4,13526326
39270,06/29/1997,IL,5,5,3,1,5,2,3,8,14784198
20490,02/01/2012,IL,5,3,2,1,5,4,3,8,13126770
60481,01/18/2013,IL,4,10,3,1,8,6,3,4,11542745
10612,03/28/2009,FC,4,3,1,1,5,2,1,5,14404068
98593,11/27/2008,FC,4,3,5,1,5,2,3,4,11570178
50203,09/28/2010,FC,5,4,1,4,4,2,2,4,13500299
19950,11/22/2012,FC,5,1,3,2,5,4,3,10,11769195
14894,12/12/2011,FC,5,1,1,5,4,4,3,3,10808105
8850,07/28/2000,DT,5,2,1,2,4,2,3,4,14870580
35430,02/11/1998,FC,4,1,5,4,4,10,2,4,13094791
6975,09/07/2010,FC,5,3,1,3,5,2,7.5,4,13923808
81929,04/09/2000,FC,10,4,1,3,3,3,5,5,21585724
54201,06/14/2013,FC,10,2,1,1,5,4,3,4,14084832
95297,07/04/2011,IL,4,4,1,2,3,2,3,5,14121862
82772,02/21/2013,FC,5,10,2,3,10,3,3,3,12712455
23255,07/04/2008,FC,5,1,4,3,4,2,3,4,12786785
20472,03/18/2007,FC,4,1,2,2,10,2,3,4,12847185
1649,11/22/2012,IL,10,4,25,1,5,2,2,1,9065740
69176,06/01/2010,FC,5,5,3,4,5,2,7.5,8,21034766
11259,03/28/2009,IL,4,2,1,1,5,3,2,8,14473403
75103,11/22/2012,FC,5,5,25,1,5,5,1,6,6967935
15928,02/26/2010,IL,10,3,1,3,4,4,3,4,13306857
28730,06/27/2007,FC,5,1,5,3,4,5,3,4,12516308
27124,09/26/2006,IL,5,1,2,2,5,2,3,4,12667580
88079,06/28/2012,FC,5,10,1,2,4,5,3,5,12371439
25989,04/18/2006,IL,5,5,4,5,8,5,5,4,13038780
90401,09/14/2009,FC,5,2,5,5,5,2,2,5,12158981
7338,08/01/2010,FC,5,3,2,5,5,5,7.5,5,12602123
12310,10/11/2010,IL,5,2,3,2,3,1,7.5,3,12675753
36837,07/12/2012,FC,5,2,3,3,4,2,2,5,19451360
66059,09/10/1998,FC,4,2,2,2,5,2,3,2,20904487
37519,06/01/2010,IL,5,3,1,3,5,2,2,5,17588209
27934,03/28/2009,IL,5,1,2,3,5,2,3,5,14661139
62016,04/08/2010,FC,5,4,1,1,5,2,3,6,13417947
9247,12/03/2012,IL,4,4,2,4,5,1,7.5,4,13869824
28686,04/04/2008,IL,8,5,5,5,5,2,3,4,12923516
55596,06/01/2012,FC,4,1,1,5,5,5,7.5,5,13414751
79794,11/26/2010,IL,4,1,2,2,5,2,3,4,13536863
7918,11/25/2008,IL,4,5,1,1,8,3,3,5,12997996
8154,04/09/2000,FC,5,2,3,1,3,5,2,4,13096225
8835,04/18/2008,FC,5,1,1,1,4,3,3,4,14535144
89846,05/18/2011,FC,5,6,1,2,6,6,7.5,4,12963109
12844,10/18/2012,IL,5,1,1,1,5,4,3,3,13862047
45727,11/13/2013,FC,10,4,1,5,5,1,3,4,16628461
31479,06/30/2001,FC,10,1,1,2,5,2,3,4,14879949
17164,09/01/2001,FC,10,5,3,4,3,1,1,5,12077326
6910,03/06/2013,FC,10,4,1,3,5,4,3,5,12988730
78933,01/16/2009,IL,4,6,1,2,3,4,3,10,13831361
36543,02/01/2012,IL,8,3,1,3,5,2,3,10,13018265
59503,05/02/2013,FC,5,3,2,4,5,2,2,10,17725268
73714,05/06/2013,IL,5,1,1,1,10,2,3,4,13853917
28702,08/02/2010,IL,5,2,2,1,5,10,2,5,13349118
8732,06/01/2012,FC,5,5,3,2,3,2,3,4,19706431
93914,05/01/2009,FC,5,4,1,5,10,3,7.5,4,14231018
31037,12/24/2010,FC,4,5,4,5,5,3,3,5,13447277
29637,11/25/2008,IL,5,3,1,1,5,3,3,5,13797038
10048,02/09/2010,IL,5,2,4,2,4,4,2,4,11599170
12064,11/16/2012,FC,8,3,5,5,4,4,2,5,13390809
65958,08/08/2013,FC,4,5,1,3,5,2,2,5,13046146
44695,09/20/2013,FC,5,1,2,3,5,2,2,4,13470383
97542,04/12/2013,FC,5,6,2,4,5,3,3,5,12900599
3882,01/22/2011,IL,5,5,2,1,3,4,3,5,15188006
15798,06/14/2013,FC,5,2,1,1,5,2,3,4,14468665
13669,10/26/2009,IL,8,1,2,5,3,4,3,5,13611371
33328,06/16/2012,FC,5,5,1,1,5,3,3,4,17848920
94001,08/01/2010,FC,10,2,5,3,4,2,3,5,11636066
84688,12/28/2011,FC,5,2,2,1,4,3,3,5,14451723
4095,05/01/1997,IL,5,1,1,1,5,2,3,4,14485307
75207,10/12/2013,IL,5,2,1,5,6,6,1,4,14459791
15541,06/01/2012,FC,10,2,20,2,5,2,3,5,7772679
45176,10/17/1995,FC,5,1,1,1,5,2,3,5,12497441
38962,11/08/2013,IL,5,3,1,2,4,2,1,8,14472346
5289,08/02/2011,FC,5,3,3,3,5,1,0,8,13658797
56992,06/24/2012,FC,5,3,3,3,3,5,7.5,8,12546484
38263,12/17/2013,FC,4,5,1,5,8,2,3,5,13932332
26267,05/02/2013,FC,5,2,5,5,3,1,3,4,13366990
31502,08/25/2006,FC,5,6,5,5,4,1,1,5,13377506
94209,05/03/2013,FC,4,4,1,3,4,2,3,4,14419560
79476,03/07/2011,IL,5,1,3,4,5,4,2,5,18282272
10230,01/16/1999,IL,5,5,3,3,4,3,7.5,3,12884476
16207,01/27/2005,IL,5,1,5,1,5,2,3,5,12762356
58634,05/08/1995,IL,4,2,25,2,4,4,2,5,7591544
39907,11/29/2008,FC,5,10,20,3,10,2,3,5,8808088
21157,04/09/2011,FC,5,3,1,1,4,2,5,8,16557743
64104,07/12/2012,FC,10,4,1,3,5,2,3,5,21746302
63446,03/19/2009,FC,8,3,1,1,8,4,1,5,13657853
89576,09/08/2010,FC,5,1,4,5,4,2,3,4,13198813
91209,03/14/2012,IL,5,4,20,2,5,2,3,5,10378459
55156,03/28/2009,IL,4,3,4,1,5,3,3,2,13135836
49796,01/23/2009,FC,5,2,10,1,4,4,3,5,15334321
30701,08/30/2013,FC,5,4,5,1,10,4,1,4,11107218
2224,06/09/2007,FC,5,2,25,2,5,4,3,4,3766928
81720,01/22/2013,FC,5,2,1,1,4,2,3,8,9904793
10748,04/22/2008,FC,5,1,4,2,5,2,7.5,5,10839968
94265,11/08/2013,IL,5,4,2,1,4,2,3,5,14348506
49493,10/04/2000,DT,10,3,1,5,3,1,7.5,2,15174480
29397,08/25/2006,FC,4,8,2,2,4,4,0,8,12450465
87215,08/13/2011,FC,5,3,1,3,3,3,3,4,13193577
86678,05/07/2010,IL,4,5,3,4,5,4,3,4,14094244
97822,09/03/2010,FC,5,3,1,3,5,2,3,3,13852588
56594,10/04/2000,FC,5,3,1,1,5,2,3,5,13367456
52428,02/11/1998,IL,10,2,2,5,5,6,3,5,17704787
49646,12/31/2011,IL,5,1,1,1,4,4,5,4,14330575
92075,03/05/2012,FC,5,3,10,4,3,2,7.5,3,11456618
40862,11/17/2009,FC,5,3,1,3,3,1,3,5,13641453
1234,08/20/2004,IL,10,4,1,1,5,4,3,5,12270092
96113,02/26/2010,FC,5,1,1,1,5,4,3,4,13132764
15454,06/20/2011,IL,5,4,1,2,4,2,3,5,14077476
21321,09/06/1997,IL,5,3,25,3,2,2,1,3,8653784
88692,01/16/2009,IL,5,4,1,3,6,2,3,5,21299554
26562,03/24/2008,FC,5,5,5,2,5,4,1,3,13878275
78264,01/27/2005,FC,10,6,4,4,5,2,3,5,13026106
35705,06/15/2010,IL,5,4,15,3,5,2,3,3,10407925
80802,10/06/2006,IL,5,3,3,1,4,1,3,4,17195810
17345,03/29/2013,IL,4,2,5,2,5,4,3,4,13121611
65750,12/16/2009,IL,5,1,1,1,5,2,3,5,13224494
21571,08/11/2010,FC,5,5,10,5,3,1,3,5,12403631
42455,04/01/2000,FC,5,5,5,1,5,2,3,4,12061211
72598,08/01/2008,FC,4,5,5,5,5,2,0,3,12414359
92344,04/09/2011,IL,4,2,3,1,8,1,3,4,13433049
51263,09/01/2001,FC,5,5,1,3,5,2,3,4,14274261
77464,03/17/2007,FC,4,4,1,1,10,2,5,4,14898230
52697,03/24/2008,FC,5,4,2,2,5,4,2,4,12374549
94239,11/22/2012,FC,5,2,5,3,4,2,1,2,15570964
49773,02/26/2010,FC,10,3,5,5,10,5,3,5,13045489
80586,12/03/2012,FC,5,3,1,2,5,1,0,4,13769159
92847,01/16/1999,IL,4,4,2,2,4,2,2,4,13319486
46970,07/31/2013,FC,5,3,20,3,5,3,5,5,8818810
482,10/12/2013,IL,5,2,1,5,5,2,3,5,14906406
23965,07/14/2007,IL,10,3,3,5,5,2,2,4,12367115
40112,12/18/2010,IL,5,3,1,1,5,3,3,4,10779111
14762,06/13/2009,FC,5,10,1,1,4,4,3,4,13353623
10383,12/29/2012,FC,5,1,2,2,4,1,1,5,13056913
59226,10/17/1995,FC,5,1,3,4,3,1,3,5,12645752
4762,12/29/2012,FC,10,4,5,3,5,1,2,5,12223696
89736,02/07/2007,IL,5,4,1,2,4,3,3,4,12392711
13453,10/06/2006,FC,10,2,1,1,5,2,3,10,13380312
59345,12/17/2010,FC,5,3,4,5,4,8,7.5,5,12635628
39027,01/17/2012,IL,5,2,4,2,8,4,3,8,10550107
17662,11/13/2009,FC,4,2,1,1,5,2,3,4,10745223
22517,04/01/2000,FC,5,3,3,4,4,2,5,4,11857546
38314,12/20/1997,IL,8,4,1,3,5,2,3,5,13809109
34332,05/01/1998,FC,5,5,2,2,5,3,3,4,12546371
61967,06/09/2007,FC,5,2,2,3,4,3,3,10,13419274
27286,12/02/2007,FC,5,3,1,3,3,3,3,4,12939614
46819,09/09/2013,FC,4,6,1,3,4,4,1,4,13175806
14692,03/16/2006,IL,4,5,1,3,4,2,3,3,12744225
6543,04/03/2010,FC,10,4,1,2,2,3,7.5,4,15325915
5994,11/29/2007,FC,5,6,10,3,4,3,3,5,14656772
77969,12/02/2007,IL,5,4,5,1,3,2,3,4,11697704
35961,03/06/2013,IL,4,2,5,2,5,2,1,5,12445640
98198,07/10/2013,IL,4,1,10,1,5,2,1,4,11422247
83969,08/03/2012,FC,5,1,3,4,5,1,10,4,14227963
11645,11/14/2012,FC,5,3,4,3,10,4,3,4,12894609
90054,08/02/1995,FC,5,4,1,2,5,1,3,5,12240367
94242,11/12/2010,IL,10,3,1,1,10,6,3,3,12162137
51869,09/08/2010,FC,5,4,1,2,4,4,1,5,15985577
27041,05/12/2013,FC,5,10,1,5,5,1,2,4,12752971
42116,10/17/1995,IL,5,3,1,1,4,2,3,5,17060312
19454,12/29/2012,IL,5,2,4,1,4,4,3,4,13131234
34630,08/19/2006,IL,5,3,1,1,5,2,3,4,14193929
42026,05/04/2012,IL,4,4,1,1,5,4,2,8,20683707
5570,12/23/2005,IL,5,4,2,1,5,2,2,5,13787397
16559,06/28/2012,FC,5,4,4,3,3,4,3,4,21026358
61385,07/12/2013,IL,5,3,1,1,4,6,2,8,19633910
14735,12/08/2012,IL,10,5,5,2,2,3,3,5,13560258
84831,11/12/2010,FC,5,3,5,1,3,4,3,4,11184697
17795,05/01/2009,FC,5,5,25,2,5,2,1,4,9052086
42461,12/20/1997,IL,4,3,1,1,4,3,3,8,14055713
78899,06/16/2012,FC,5,10,2,2,5,3,3,5,13024211
31508,07/04/2011,FC,5,4,3,2,4,2,1,4,13367130
23454,11/25/2008,IL,5,1,5,5,5,3,3,5,11393411
27694,02/26/2010,FC,4,2,4,1,4,2,3,4,13571034
1607,07/15/2011,IL,5,2,1,4,5,3,3,5,12531387
26211,11/26/2010,FC,4,2,5,4,5,3,3,6,12908891
25771,06/23/2009,FC,5,2,1,1,5,2,0,5,14196283
9291,07/10/2013,IL,5,5,1,3,5,2,2,4,15261247
84644,07/04/2011,IL,5,4,1,4,5,2,7.5,5,13489381
19150,10/21/2011,FC,5,8,2,3,5,10,3,5,12983853
16255,03/27/2013,FC,5,3,1,1,5,1,0,4,13588923
4419,09/28/2010,FC,5,10,1,1,4,2,7.5,5,12841892
69177,11/22/2007,FC,5,4,1,1,5,5,3,4,14279968
70296,10/25/2013,FC,10,1,1,1,5,1,2,4,16218904
10928,11/25/2008,IL,5,4,5,2,5,1,2,5,12986403
90520,03/16/2006,IL,5,2,3,2,5,2,3,5,14206775
4586,04/09/2000,FC,5,2,3,4,4,3,2,5,16564095
47503,10/04/2013,FC,4,3,3,5,5,2,3,3,12892217
65017,09/20/2013,IL,8,1,2,1,5,4,2,5,14080608
10784,05/01/1998,FC,5,6,4,3,4,5,3,4,14988751
34299,11/21/2009,FC,4,2,1,1,4,2,3,5,13585018
91825,02/07/2007,FC,5,1,15,1,5,3,3,4,9077588
21101,02/07/2007,FC,5,2,1,1,5,2,2.5,5,11467313
5298,11/13/2009,FC,5,3,3,3,10,2,5,2,14201269
4240,09/10/1998,DT,5,2,1,4,4,1,3,10,13540873
94961,09/26/2006,IL,4,3,2,1,5,2,3,5,17911960
15540,07/17/2009,IL,5,3,15,1,4,3,3,2,9804046
81842,02/26/1998,IL,5,2,1,3,4,2,3,5,14825377
5763,05/08/1995,IL,5,4,2,1,5,2,3,4,14112889
74571,09/06/1997,IL,5,3,1,3,5,3,3,5,14901343
93653,12/02/2007,FC,5,1,1,2,4,4,0,1,12634336
53380,08/15/2005,IL,5,4,5,2,4,2,3,6,12158445
70841,09/09/2005,IL,5,10,3,5,5,2,3,1,12394755
79097,03/06/2013,IL,4,1,3,2,5,2,1,2,12903041
3996,09/15/2007,FC,5,3,5,1,5,2,3,5,13667279
61803,01/23/2009,FC,10,3,4,5,5,4,3,5,13029708
87689,12/07/2004,IL,4,3,5,1,5,2,3,4,12241444
26716,02/15/2010,IL,8,2,1,3,4,4,3,5,14419450
49535,07/18/2011,FC,5,1,1,5,2,5,1,5,13155669
27447,07/04/2009,FC,5,5,4,1,5,10,3,4,11625282
27422,10/06/2010,IL,5,8,5,1,5,2,3,5,18281835
98470,08/08/2013,FC,5,5,1,3,5,5,2,4,14228668
11054,12/11/2012,IL,5,5,20,1,5,3,7.5,4,7344613
32601,11/26/2009,IL,10,2,5,1,5,5,2,4,12880460
58443,04/12/1997,IL,5,2,1,1,5,1,3,5,13187199
82698,03/31/2011,FC,5,2,1,1,5,3,3,4,14247351
391,08/07/2013,DT,5,2,1,3,4,2,7.5,4,20268041
54597,06/23/2009,IL,5,3,1,2,5,1,2,5,14284363
30857,03/15/2011,IL,5,5,5,1,3,2,0,4,13426956
75466,08/01/2000,FC,5,3,2,3,5,2,2,6,13041670
53599,01/20/2012,IL,5,2,1,1,4,4,3,5,13107464
41279,09/15/2007,FC,5,1,3,1,4,3,3,5,12281121
88290,01/07/2011,IL,5,2,5,2,5,3,3,5,12327286
76767,06/06/2003,FC,5,4,2,2,10,6,3,10,12093715
14384,06/01/2009,IL,5,4,15,1,8,2,5,4,10683686
68852,03/19/2009,FC,5,3,1,3,4,6,3,5,14598595
63788,09/17/2009,IL,4,5,1,2,8,4,3,5,14431631
44856,04/21/2007,DT,4,4,4,2,5,3,1,10,13073970
6638,06/13/2009,IL,5,4,1,1,3,1,3,3,13424987
4004,02/27/2013,FC,5,1,1,4,5,4,3,5,16345458
8165,03/19/2009,IL,5,5,3,5,5,4,2,4,12797182
61505,10/14/2013,FC,4,4,2,1,5,3,7.5,4,13606887
33608,04/14/2010,FC,5,4,1,3,10,2,2,5,13142554
65929,12/02/2008,FC,5,2,4,4,5,3,3,2,11061273
86742,07/12/2013,FC,5,3,5,5,5,4,0,4,12760254
16988,03/03/2012,DT,5,3,4,2,4,2,1,5,12415161
37282,05/02/2013,IL,5,4,4,3,5,5,3,10,10549009
41979,05/01/2010,FC,4,1,20,5,4,2,0,4,12688330
64449,08/06/2009,FC,4,1,2,1,4,2,3,4,13937795
17620,05/03/2009,FC,10,2,4,1,5,6,7.5,5,12515003
78314,10/14/2013,FC,10,4,1,2,5,2,3,6,12634980
38762,11/01/2006,IL,5,3,1,1,5,2,7.5,5,13582834
43634,10/04/2012,FC,5,1,1,1,3,2,3,4,13352882
98274,07/04/2009,IL,5,1,1,5,10,2,1,3,13645794
86910,08/11/2010,FC,4,1,2,5,5,4,1,4,14205135
48835,01/15/2013,IL,5,2,1,1,5,4,3,5,14115926
74427,09/14/2009,IL,5,4,25,1,5,2,2,5,6782490
80260,03/19/2009,IL,4,2,2,2,5,1,3,5,15417249
4181,02/26/2011,IL,4,1,5,1,10,4,3,5,13254007
16995,10/04/2000,IL,5,5,1,4,4,4,7.5,5,13297525
18561,11/02/2000,FC,4,5,2,2,3,5,3,10,12293931
29830,09/01/2001,FC,5,3,20,2,3,1,7.5,3,8123710
84947,06/30/2001,FC,5,1,3,2,5,1,2,8,13706750
99851,10/12/2013,IL,5,1,1,2,8,4,1,5,14236435
88516,07/30/2010,FC,4,5,2,1,3,4,3,4,12935241
58890,10/28/2012,IL,5,10,5,1,5,1,3,4,12645736
45934,03/01/2008,FC,5,3,1,1,5,2,5,5,13999682
29171,04/18/2008,FC,5,3,3,1,5,6,3,3,13160023
54146,04/12/1997,IL,5,10,5,5,5,4,3,4,12831700
49768,07/12/2013,DT,5,2,1,1,3,2,1,5,18969249
87273,05/03/2009,FC,5,2,1,1,5,3,2,10,20923093
86469,06/29/1997,IL,5,2,5,2,4,4,3,4,13493676
64896,05/04/2012,IL,5,1,1,3,4,1,5,4,21216073
83274,11/04/2011,FC,10,1,5,5,3,1,1,8,11842418
41284,11/08/2013,IL,5,2,2,1,4,2,3,3,14154930
27908,07/30/2010,IL,5,2,2,1,5,2,3,4,12928649
34533,02/01/2011,FC,5,4,4,4,5,6,2,8,14564879
1704,11/19/2009,IL,4,6,10,3,5,2,3,5,10707121
23877,12/04/2012,IL,4,2,1,5,4,2,3,4,20517388
49168,12/28/2011,FC,5,3,1,1,10,4,3,5,14752483
44640,09/23/2008,FC,5,1,5,2,5,3,2.5,4,8014885
59230,06/24/2012,FC,5,1,2,4,5,2,3,4,15179637
50350,05/02/2008,FC,8,3,1,1,3,2,3,8,13106322
17724,06/01/2009,IL,5,4,1,3,5,2,1,5,15668265
50980,07/22/2010,FC,5,3,1,3,5,2,3,4,11881767
1859,09/10/1998,DT,10,5,1,1,8,4,3,5,12613761
74270,03/18/2011,IL,4,10,1,2,5,3,7.5,10,14108131
80884,12/31/1997,IL,5,2,4,5,5,3,2,4,15202759
75553,09/19/2009,IL,5,4,1,1,8,3,1,4,15235573
69441,03/17/2007,FC,5,2,25,1,5,2,2,5,7379095
71334,08/24/1996,IL,5,3,5,2,3,3,3,5,13662819
55186,05/08/1995,IL,4,5,1,5,5,2,2,5,13367945
22232,09/09/2013,FC,5,2,1,5,5,3,3,4,13367776
56370,09/15/2006,FC,5,3,3,2,4,3,3,4,11957249
66795,08/01/2010,FC,5,2,1,3,5,4,3,5,13504824
70338,10/15/2012,FC,10,1,1,1,5,1,3,5,14272485
51380,03/05/2012,IL,10,5,1,4,4,5,1,4,13017917
20251,03/19/2012,IL,4,2,5,5,5,2,3,10,11991329
88750,10/05/2010,IL,5,10,1,4,4,2,3,4,14507551
13156,01/27/2005,FC,5,4,2,1,5,2,2,5,13484479
86568,10/06/2007,FC,5,4,1,3,5,1,3,4,14270762
86554,02/26/1998,FC,5,2,1,2,5,2,3,5,13654989
89481,09/20/2013,FC,10,4,5,3,4,4,3,5,12660486
74729,10/28/2008,IL,5,4,3,1,5,2,3,10,13102378
80518,10/28/2008,IL,4,4,5,1,5,3,2,4,13030102
94305,07/04/2008,FC,5,3,2,2,5,5,0,8,13549034
61761,03/24/2008,FC,10,1,2,2,10,2,5,4,13310502
9007,08/13/2009,FC,4,4,1,1,5,2,3,4,12671611
36148,05/01/2012,IL,5,3,5,1,3,4,2,5,13137886
36916,01/04/2014,IL,5,1,1,1,5,3,3,4,19571832
98377,04/17/2009,FC,5,2,5,1,5,3,5,5,12089663
44011,09/01/2001,FC,5,10,2,1,3,3,2,5,22049361
82095,03/02/1998,FC,4,3,1,2,3,3,3,4,12550234
33757,06/01/2012,FC,5,3,1,4,4,4,1,4,15550949
22477,12/31/2011,IL,5,5,4,1,4,2,2,5,14006122
3792,03/05/1996,FC,4,6,2,3,3,10,2,4,14071326
55351,07/10/2004,IL,10,3,3,1,4,4,1,8,13252319
51239,03/07/2011,IL,10,1,1,5,5,2,3,5,13543569
11423,11/17/2009,FC,5,1,2,2,5,2,3,5,13886235
65851,01/14/2011,IL,5,3,5,5,5,4,3,5,12351304
82728,11/21/1999,FC,4,3,3,2,4,6,2.5,4,11950503
50419,04/22/2010,FC,4,5,1,3,5,2,3,2,16645814
58555,01/03/2013,FC,5,4,1,1,5,2,3,8,13220686
78396,06/30/2001,FC,5,4,2,1,3,2,1,4,13394645
99922,06/13/2006,FC,5,3,2,5,5,1,7.5,4,13389754
98266,01/26/2012,IL,5,2,1,2,5,2,1,4,13252399
95111,11/26/2010,IL,8,1,4,2,3,2,3,5,13345197
17342,05/02/2013,FC,4,1,2,1,4,4,2,5,13522426
62174,07/12/2012,FC,10,1,3,4,5,2,3,8,14187165
99303,12/04/2012,FC,5,5,1,2,3,2,2,4,13906366
2347,03/16/2007,FC,5,3,1,2,10,2,3,2,13941598
21988,01/07/2011,IL,5,2,5,1,10,3,3,4,13142690
7796,12/28/2010,FC,5,2,3,3,5,6,3,8,12363401
23618,10/24/2006,FC,5,1,1,1,5,2,3,5,14406404
83201,06/07/2013,IL,10,5,2,1,10,2,3,5,11575533
96257,04/12/2012,IL,5,1,1,2,5,4,2,5,14268251
51212,09/04/2009,FC,4,2,1,2,5,2,3,3,13874798
76027,05/01/2009,FC,5,4,3,1,5,2,1,4,13882978
40140,11/29/2008,FC,5,1,5,2,5,2,2,4,11649283
88397,09/21/2012,IL,5,2,1,2,10,2,7.5,4,14902066
10627,08/25/2006,FC,10,4,5,2,10,3,3,5,12228819
4123,01/14/2011,IL,10,1,1,1,4,3,3,8,19490202
57048,03/29/2013,FC,4,1,1,1,5,2,3,5,16283290
52430,06/07/2013,FC,4,1,25,3,10,2,2,5,7057319
18742,04/18/2006,IL,5,1,1,3,4,2,0,4,13201727
89712,12/17/2006,IL,5,1,5,1,5,2,3,4,12442196
34537,06/13/2009,IL,5,4,1,4,8,2,7.5,4,14697487
2165,11/21/2009,FC,5,1,1,1,5,2,3,5,15351553
14213,09/23/2008,FC,5,3,1,3,4,2,0,4,14585247
54126,11/25/2011,FC,5,4,4,3,5,10,1,5,12900163
14264,02/09/2000,DT,5,1,2,3,5,2,3,3,20910014
87081,02/21/2013,IL,5,3,1,1,5,1,7.5,10,13779496
21010,11/25/2009,FC,4,4,2,5,5,4,3,5,15815094
55639,10/06/2010,IL,5,2,5,5,5,2,2,4,11987294
83449,12/23/2005,FC,10,8,1,4,5,2,3,8,14174770
80540,06/24/2012,FC,4,1,15,4,5,2,2,4,9910675
10524,11/05/2011,IL,5,1,1,3,5,2,3,8,16880080
97945,07/12/2012,DT,4,3,5,1,5,2,3,10,13368233
81909,04/18/2008,IL,4,2,1,5,5,2,2,4,13615360
35980,04/14/2009,IL,4,5,15,3,4,1,2,5,13457465
55301,09/15/2011,FC,5,2,5,4,5,2,3,4,14052973
71384,11/05/2008,FC,5,1,1,2,5,4,3,4,14114335
20993,12/23/2005,IL,5,1,1,2,5,3,2,3,15431932
89997,12/04/2012,IL,5,4,4,3,5,2,3,4,13621176
1191,05/01/2012,FC,4,4,1,3,5,3,3,4,16491473
69796,06/06/2007,FC,5,4,1,1,4,5,3,5,15184531
2624,02/19/2010,FC,5,3,1,1,6,1,3,3,13131535
27673,12/07/2008,FC,5,5,1,3,5,1,3,10,13273243
15736,03/24/2009,IL,5,5,5,5,5,2,1,5,12436149
72743,10/22/2006,FC,5,4,4,4,10,2,0,4,12449905
83307,03/18/2007,IL,5,3,25,1,5,3,1,4,6962097
51527,04/13/2007,IL,10,1,2,1,4,2,3,10,18238665
72148,06/01/2012,FC,10,5,1,4,4,3,2,4,13833884
30746,12/12/2011,FC,5,1,3,1,5,2,5,4,10716591
47128,01/05/2000,FC,5,10,5,2,3,2,0,5,10605031
44210,12/17/2013,FC,5,3,1,2,4,2,3,8,9484282
73703,06/24/2012,FC,10,2,1,3,8,4,3,4,13671238
71227,06/09/2007,FC,5,1,4,2,3,2,1,4,12977269
70519,11/04/2011,FC,4,2,1,3,10,3,5,4,16224346
37679,05/01/2013,FC,5,5,20,2,6,4,1,5,9049262
77739,02/16/2012,FC,5,2,2,2,4,1,1,5,13825417
68638,09/13/1999,FC,8,4,3,1,3,2,2,10,14582445
8655,06/13/2006,FC,4,4,10,2,5,2,3,10,12277771
30006,05/08/1995,IL,5,1,3,4,10,3,2,4,12317344
64438,03/17/2007,FC,5,5,1,1,10,5,3,5,22418639
47089,12/21/2012,FC,4,5,5,3,5,2,2,6,13206624
53187,12/23/2011,FC,5,3,3,4,10,2,7.5,5,13738893
29478,02/19/2004,FC,5,2,5,3,5,2,0,4,21614682
96728,02/26/2011,IL,4,4,1,1,3,2,7.5,4,18855707
76400,07/10/2013,IL,5,4,3,3,6,10,0,4,14422366
39496,06/01/2012,IL,5,4,5,4,4,3,0,2,13449920
81237,05/05/2007,FC,5,5,1,1,4,2,3,8,10747286
6462,06/24/2011,FC,5,3,3,1,5,2,2,4,13436228
64248,06/29/1997,IL,5,2,1,1,5,2,2,5,12340271
39920,08/26/2000,DT,5,5,1,3,5,5,1,5,13141915
30575,08/19/2006,FC,8,3,4,1,5,2,2,4,12766421
37020,01/23/2009,IL,8,1,4,4,5,4,2,5,13265356
47873,08/06/2009,FC,8,10,1,4,4,6,3,10,15154672
85564,10/28/2012,FC,5,2,1,1,5,3,3,4,20789857
86868,04/09/2011,FC,5,1,4,5,4,2,1,5,12136303
3304,07/10/2013,FC,8,4,1,4,10,2,3,4,10858777
71448,03/07/2011,IL,5,2,5,1,5,4,3,5,12387249
50197,03/24/2009,FC,5,2,1,3,5,10,1,4,13981754
55851,09/14/2009,IL,5,2,1,3,5,3,3,10,15348514
23424,09/08/2010,FC,4,2,15,4,5,2,5,4,8805058
51048,12/08/2012,IL,8,3,5,3,4,2,3,5,12203655
24617,09/03/2010,FC,5,2,3,3,6,4,3,4,13000538
24302,09/13/2006,FC,5,3,2,4,5,5,2,2,20849004
85326,11/13/2009,FC,5,1,3,3,5,3,5,5,12769725
5608,02/16/2007,IL,5,3,5,1,5,1,2,8,12115504
99374,11/14/2012,IL,5,4,4,2,5,2,2,4,21740464
89491,12/04/1999,FC,5,5,4,5,4,4,3,5,12778380
19167,07/04/2011,FC,5,2,5,4,4,3,2,5,12135059
39605,01/16/1999,IL,4,2,5,1,5,4,3,4,12965791
69078,08/30/2013,FC,5,4,10,2,4,2,3,4,11983519
20338,06/07/2013,FC,4,3,2,2,5,2,3,8,14048828
98238,10/10/2011,FC,5,2,1,5,3,3,2,5,13249578
94087,05/01/1998,FC,5,1,1,3,4,2,3,5,15628374
9751,12/17/2006,FC,5,3,2,1,5,6,2,5,14030771
4263,08/13/2011,IL,5,2,3,3,5,6,3,5,10642039
45761,11/17/2009,FC,5,4,1,1,6,2,3,4,13227534
87004,08/23/2013,FC,4,1,1,1,5,2,3,5,22038538
44232,09/09/2013,FC,5,2,1,2,5,2,3,3,13574514
54698,08/14/2009,FC,5,1,1,1,4,2,3,4,13073041
49825,12/23/2011,FC,5,2,2,1,3,5,3,5,13462891
67806,01/15/2013,IL,5,2,15,4,10,2,2,5,9583416
72899,12/08/2012,IL,5,2,10,5,3,3,1,5,11391594
62212,08/15/2005,FC,5,4,1,2,5,2,3,4,14422605
57366,12/18/1998,IL,5,2,1,2,8,2,3,5,14308991
80398,11/05/2011,FC,5,4,4,1,5,1,3,10,12857993
46549,09/26/2003,FC,5,5,4,2,4,2,0,4,13131378
73141,05/12/2013,FC,10,2,1,5,5,6,2,5,13892237
45884,02/01/2012,IL,4,2,2,5,10,4,5,2,13946547
85673,12/28/2011,IL,10,8,1,1,5,2,7.5,5,13117004
31999,02/26/1998,IL,4,1,1,1,5,4,3,10,13315392
50879,09/26/2006,DT,5,2,3,3,5,4,3,3,12467352
83572,06/05/1999,IL,4,4,25,1,5,5,1,4,7742854
42264,10/12/2013,FC,5,2,1,2,3,2,3,5,13036384
7901,10/15/2012,FC,5,1,1,2,5,4,3,4,13845476
81877,11/16/2012,IL,5,6,5,5,5,2,3,4,11333391
42402,03/07/2011,FC,5,5,5,3,4,2,3,4,12184052
31695,06/08/2000,IL,5,2,1,4,10,5,7.5,4,13499712
92455,06/30/2001,FC,5,3,1,2,5,8,3,5,13948861
52027,10/15/2011,IL,5,2,3,1,3,3,2,4,13409465
20783,07/04/2011,FC,5,3,4,2,5,1,1,4,12478663
38136,07/04/2008,FC,4,2,3,3,5,2,3,5,12948884
10497,08/20/2004,IL,5,2,1,3,5,2,1,5,14200926
7129,04/17/2009,IL,5,4,5,2,4,3,3,4,13829903
24004,12/31/1997,FC,5,3,5,1,4,5,3,5,12685129
73493,12/03/2013,FC,5,10,1,1,8,10,3,4,12479460
80641,09/08/2010,FC,4,2,1,1,8,3,7.5,4,14046050
1871,07/14/2000,FC,10,2,5,1,4,2,3,5,13263751
64529,01/15/2013,FC,4,2,3,1,4,4,3,4,13838733
59448,01/20/2012,IL,5,3,1,1,5,5,1,5,15078561
35297,11/17/1995,FC,4,3,25,2,4,2,2,5,6600770
8731,02/09/2010,IL,5,4,2,2,5,2,3,4,10966661
15964,12/03/2013,IL,4,2,4,4,5,2,7.5,5,13635674
49455,10/25/2013,FC,10,1,2,5,4,2,3,4,14046553
87600,04/14/2009,IL,5,2,2,1,5,2,3,10,12579009
74693,05/01/2009,FC,4,1,5,2,5,4,3,4,18668891
50903,05/03/2013,FC,8,2,1,3,5,3,3,8,12959166
82377,09/20/2013,IL,5,2,20,2,4,2,2,4,8124149
79348,04/26/2013,FC,5,2,1,3,5,2,3,3,12271176
3258,04/06/1998,FC,4,3,3,5,5,2,3,8,13426547
98106,06/08/2000,FC,5,1,2,4,5,3,3,5,12499481
30129,08/23/2013,FC,5,4,1,1,4,4,1,5,13172501
38840,11/21/1999,IL,10,1,3,3,5,1,3,5,12842563
54919,09/14/2009,IL,5,10,3,3,5,4,2,4,15023709
73590,11/29/2008,FC,5,4,5,2,8,2,7.5,4,13319899
83314,03/16/2006,IL,5,6,5,3,5,3,0,4,12009610
27515,08/02/2010,DT,5,1,1,1,5,2,3,5,12756548
28479,01/03/2013,FC,4,3,1,4,10,2,3,4,13185033
49032,06/13/2009,IL,10,4,1,2,4,1,7.5,5,11592561
50387,01/01/2000,IL,5,4,2,3,4,3,3,4,15550904
18817,01/01/2000,IL,4,4,5,1,5,2,3,3,14446212
66121,11/26/2009,IL,4,5,2,4,5,3,2,4,13861588
35747,11/19/2009,IL,5,2,1,4,4,2,3,5,18200296
73145,04/18/2008,FC,5,4,2,1,5,2,3,5,14412437
95241,03/18/2011,FC,8,2,2,1,5,2,3,6,13339211
51672,10/22/2006,IL,4,2,3,2,8,1,3,8,13625776
16602,11/17/1995,FC,10,3,1,3,8,5,1,4,14177659
60959,07/15/2013,FC,5,3,1,1,4,2,7.5,5,12296980
15987,08/15/2005,IL,5,2,1,3,8,3,2,5,13768077
89258,12/18/2010,FC,5,2,4,5,5,4,3,5,21532394
33358,07/09/2013,FC,5,3,1,1,10,2,3,4,12746844
26410,03/16/2006,IL,4,5,1,3,5,1,3,4,10553737
7015,12/23/2005,IL,4,2,2,2,5,2,2,4,12718536
38483,10/04/2012,FC,5,6,2,4,3,2,3,5,19114862
61050,08/15/2005,IL,4,6,10,1,4,2,2,4,17434298
11106,10/17/1995,FC,5,4,1,2,10,2,0,4,13524881
8956,11/16/2012,FC,4,2,1,5,5,1,7.5,8,12071292
65345,04/12/1997,FC,5,2,1,2,4,2,3,5,12806419
1104,11/12/2010,IL,5,3,1,1,5,2,3,4,13000659
72793,07/16/2012,IL,5,1,15,1,5,2,0,10,11303362
91082,10/24/2006,FC,4,4,4,1,5,3,1,4,12940362
15440,09/07/2010,FC,8,2,5,3,5,2,2,5,20028074
90863,09/28/2008,FC,8,1,2,3,5,1,7.5,8,12550156
97510,09/17/2009,IL,5,1,3,1,5,4,2,4,14205750
11258,05/06/2013,IL,10,1,4,3,5,4,3,4,12987988
18280,09/09/2005,FC,5,1,2,1,5,2,1,5,13294681
69685,07/23/2011,FC,5,5,1,5,3,2,3,5,14229472
23284,06/07/2013,FC,5,1,1,5,10,2,2,5,13632823
78243,03/16/2006,IL,5,1,1,1,4,2,0,3,14221835
37257,06/13/2009,FC,5,2,2,3,10,2,3,5,17142661
68940,07/04/2008,FC,4,2,1,4,4,3,3,4,14507339
7308,10/23/2004,IL,4,3,1,2,3,3,1,10,13373985
53771,03/07/2010,IL,5,4,25,1,5,6,7.5,3,6577516
54300,01/26/2012,FC,10,3,10,5,5,3,3,8,10066980
22856,01/07/2011,IL,10,6,1,3,5,4,3,5,13408612
9608,03/18/2007,IL,5,4,1,1,5,4,3,4,14670370
9980,07/09/2013,FC,5,5,2,1,5,1,3,5,13865432
31486,03/06/2009,FC,10,2,3,3,5,2,2,4,13501841
90686,04/22/2010,FC,5,1,1,2,5,3,2,10,12721946
59621,03/18/2011,FC,5,5,2,5,3,3,3,5,13060155
8992,08/30/2013,FC,4,6,4,5,5,2,2,5,13597684
87842,12/30/2011,FC,5,6,1,1,5,2,1,4,13283042
30305,08/19/2006,FC,5,1,4,1,5,4,2,5,13338553
36165,06/20/2011,MB,5,4,1,2,4,4,3,4,12083867
97488,05/03/2009,FC,4,5,2,2,5,8,1,4,13200981
12986,06/06/2007,IL,5,4,1,2,5,5,2,5,16207856
56410,08/02/2011,FC,5,2,3,1,5,4,3,5,13415000
42979,07/09/2013,FC,4,4,3,3,5,6,7.5,5,13632859
60223,04/06/1998,FC,4,2,1,1,5,2,2,5,21434790
71168,10/10/2013,FC,5,5,3,2,5,2,7.5,5,12820785
82783,06/05/2012,FC,5,2,2,2,4,3,3,10,12658440
76162,08/07/2013,IL,4,4,1,2,8,3,5,4,14367311
40781,08/24/1996,IL,10,2,1,5,5,2,1,4,13478749
93691,07/04/2011,IL,5,2,1,2,5,2,3,4,21286757
3391,06/09/2007,FC,5,2,3,4,5,2,7.5,4,12824113
53098,04/22/2010,FC,5,5,2,1,5,2,1,4,13845983
12748,11/13/2013,FC,4,3,5,1,5,2,3,5,14896270
33289,09/20/2013,IL,8,4,2,2,3,2,3,8,14797001
84138,09/13/1999,DT,10,1,4,1,5,5,3,4,19069425
63440,03/19/2009,FC,5,5,1,4,5,2,7.5,4,13428894
65387,09/23/2008,FC,4,2,1,3,5,4,1,4,16274136
58204,08/01/2000,FC,5,1,2,2,4,1,3,4,13650893
1176,06/30/2001,FC,4,2,20,4,5,2,7.5,4,7960727
77760,04/17/2009,FC,5,5,4,1,4,2,3,4,13221305
88257,10/23/1999,IL,5,2,1,3,10,4,7.5,4,15437548
51270,08/26/2000,DT,5,2,1,3,5,3,3,5,15958935
76559,04/01/2000,IL,4,4,5,4,4,2,3,4,11636787
43776,06/18/2007,FC,10,4,2,1,5,4,7.5,5,13734947
48719,08/20/2004,FC,5,5,2,2,10,4,1,5,13498207
25880,11/04/2011,FC,4,1,2,1,4,2,3,5,14360151
33027,10/26/2009,FC,5,5,1,5,8,5,3,3,13551747
3352,12/02/2007,FC,4,5,25,3,4,1,3,5,7828606
48624,03/06/2009,FC,5,5,1,3,5,2,3,8,16226374
65898,08/02/2011,FC,8,1,3,1,5,4,1,6,13639168
14169,12/11/2012,IL,5,2,4,5,8,5,3,8,15351997
9851,06/14/2013,FC,5,1,10,3,5,2,7.5,4,10717320
87549,12/17/2013,FC,5,1,25,2,5,2,7.5,4,5254335
5777,09/06/1996,IL,10,3,2,2,5,3,2.5,4,13790372
15661,07/04/2011,FC,4,2,5,1,5,2,2,5,13450096
98818,01/31/2012,IL,4,1,1,1,3,1,3,5,20766236
7482,10/24/2006,FC,5,3,4,1,3,2,3,4,12473542
16063,11/17/1995,FC,4,4,1,4,5,1,3,10,12802237
93330,08/20/2004,FC,5,1,1,5,5,3,7.5,2,13326780
57123,10/06/2006,FC,8,4,1,1,4,2,3,5,16019996
95013,06/26/2010,FC,5,4,2,1,3,2,3,4,13480579
79887,06/09/2007,IL,5,3,10,1,5,2,3,5,10806775
13463,02/19/2010,FC,5,1,1,3,5,2,7.5,5,19799584
73596,07/20/2007,IL,5,3,5,5,5,3,3,4,12544239
67386,06/16/2012,IL,5,5,1,2,5,3,7.5,8,12946463
46746,09/28/2010,FC,5,5,5,2,3,2,2,4,10973939
75753,01/05/2000,FC,5,1,1,2,5,4,2,4,14096347
23758,11/29/2008,FC,10,4,3,5,4,3,3,3,11717459
37875,04/03/2010,IL,5,5,1,1,4,4,5,8,14394013
85421,06/26/2010,FC,5,2,5,3,5,2,2,5,13171949
66451,12/21/2012,FC,5,1,5,5,3,4,1,4,13247139
49790,12/29/2012,FC,10,2,1,4,5,2,3,5,13277443
39380,09/15/2011,FC,5,6,1,3,10,2,2,5,13939793
78003,08/20/2004,IL,5,5,2,1,10,2,3,5,12924005
45695,02/16/2012,FC,10,1,2,3,5,2,3,8,13692731
14275,04/26/2013,FC,5,3,1,4,8,10,1,8,14096458
40188,04/28/2012,IL,5,3,3,2,4,2,3,5,13577377
64626,06/27/2007,FC,8,10,2,3,4,4,7.5,5,12937055
93881,11/22/2009,FC,5,4,1,3,5,3,3,8,13738550
40070,09/03/2010,IL,5,3,5,4,4,2,3,10,13761372
83317,11/22/2009,FC,5,3,1,3,6,2,2,5,14437150
10832,11/01/2007,IL,5,1,1,3,4,3,5,4,17564165
31766,09/20/2013,FC,10,1,4,3,5,2,3,4,12059468
5447,02/21/2013,IL,10,2,3,2,5,2,2,4,12361427
53002,04/21/2007,IL,5,2,5,1,5,2,2,5,12643719
74725,09/26/2006,IL,5,1,2,3,5,3,3,5,13380758
5604,09/14/2009,IL,5,2,5,2,5,2,3,5,14030245
28402,09/08/2010,FC,5,3,3,1,5,2,7.5,4,18657253
69140,07/12/2013,FC,5,5,4,3,2,6,7.5,4,14085494
20307,04/28/2012,IL,5,2,15,1,5,1,0,5,10992336
89919,08/25/2007,IL,5,1,2,4,10,2,1,3,13258885
11073,07/20/2007,FC,10,5,1,1,5,3,1,5,20811539
62292,12/08/2012,IL,4,3,3,1,5,4,3,5,12096940
38091,05/06/2013,IL,5,3,1,1,5,2,1,5,14201594
74394,04/12/1997,FC,4,3,1,2,10,5,3,4,16841423
77139,11/29/2008,FC,4,2,5,2,10,3,3,5,14540802
1861,05/16/2008,FC,5,1,1,1,10,2,3,1,12145459
99103,04/12/1997,IL,5,3,4,2,4,5,3,4,21248812
30179,03/24/2009,FC,5,4,3,3,5,2,3,3,14007769
54934,12/12/2011,FC,5,10,15,2,5,10,3,4,10690880
28888,04/04/2012,IL,5,1,1,1,6,2,1,3,14126230
96542,06/15/2010,IL,10,5,1,1,5,4,3,4,14671110
48651,10/06/2010,IL,5,3,3,1,5,1,2,4,13877133
93145,08/24/1996,IL,5,2,1,5,4,4,3,4,13911769
70052,08/26/2000,DT,5,1,2,1,5,3,2,4,14057170
44988,05/03/2009,FC,5,3,2,1,8,4,3,5,12769692
17941,12/28/2011,FC,5,4,2,4,10,2,0,4,13176552
88997,11/22/2007,FC,5,6,5,1,5,5,2,3,12505368
7819,10/18/2012,FC,5,5,1,2,3,4,7.5,5,13987847
47881,11/05/2009,IL,5,2,5,5,4,4,3,6,20086622
51027,10/06/2010,IL,5,4,5,2,4,2,2,5,12383239
59668,09/26/2009,FC,4,6,1,3,3,2,3,3,14373389
47781,05/01/2009,IL,5,3,2,5,4,5,2,4,13491886
79564,05/29/2013,FC,10,3,2,4,5,3,3,5,12871152
45158,06/06/2007,FC,4,10,2,5,4,2,2,5,12943806
95334,04/19/2013,IL,5,2,1,4,5,2,3,4,13266386
55877,09/01/2010,IL,5,1,5,1,5,2,3,4,12844300
39216,03/17/2007,IL,5,6,3,1,5,2,3,3,10368449
9468,08/18/2012,IL,4,5,1,1,8,10,3,5,13699942
74017,01/16/2009,IL,5,1,5,2,3,3,3,4,13071826
63578,01/18/2013,IL,5,5,5,1,5,3,0,5,18441892
42463,06/05/1999,FC,4,5,4,3,4,2,1,5,13287513
52957,09/03/2010,FC,4,2,1,2,10,4,3,8,13472239
93323,08/27/1999,FC,4,1,2,1,5,4,2,4,12079826
51434,11/22/2009,IL,5,2,4,3,4,2,7.5,4,20065114
82610,12/17/2010,FC,5,2,2,1,5,3,3,5,13012424
60314,08/20/2004,FC,5,6,10,3,4,2,3,4,11294506
20327,05/08/1995,IL,5,3,1,3,2,2,3,10,15182489
58770,12/17/2010,FC,10,2,3,4,5,4,7.5,10,21402204
11804,02/11/1998,IL,5,6,1,2,5,3,3,4,12368373
70408,04/17/2009,FC,5,3,1,1,5,2,3,4,14977671
79763,07/22/2010,IL,10,2,4,5,5,2,3,5,12152144
77895,11/25/2009,FC,5,1,5,1,10,4,3,3,11964963
60701,07/10/2004,IL,4,1,4,3,4,10,2,4,20121390
84201,03/18/2011,IL,5,5,1,3,4,3,7.5,4,14213362
35662,12/07/2008,IL,8,4,1,1,10,3,2.5,5,13743770
55610,01/15/2013,FC,5,2,1,1,3,1,3,8,14331671
42306,09/09/2013,FC,5,3,5,4,5,3,3,5,12549894
71637,10/04/2013,FC,4,5,1,4,5,6,3,3,14372840
56495,12/04/1999,FC,5,5,4,2,4,2,2,4,13545885
28738,03/03/2012,IL,5,5,10,4,5,3,3,4,11100564
89498,04/06/1998,IL,5,5,1,2,5,4,2,5,15046828
34378,05/15/2012,FC,10,2,2,1,4,4,2,5,14538190
84165,07/20/2007,FC,5,4,3,1,5,2,3,4,13025375
90578,07/20/2007,FC,5,2,2,3,4,3,3,5,13232705
4286,03/01/2008,FC,5,4,2,3,5,2,3,4,14238027
70859,04/14/2010,IL,5,5,1,1,4,4,3,4,13391203
14238,06/13/2006,FC,8,3,5,1,8,4,3,4,12476709
39893,11/03/2012,IL,10,2,10,5,5,4,1,5,12382105
55997,11/04/2011,FC,5,3,1,1,4,2,5,6,12844517
8603,08/02/2011,IL,5,4,4,4,4,2,3,5,9651420
4897,04/14/2010,FC,8,5,2,2,5,4,3,4,12170378
69332,02/29/2012,FC,5,2,1,3,4,4,0,5,15214547
16191,09/23/2008,FC,5,1,1,2,4,4,3,5,20689881
8345,03/31/2011,FC,10,2,1,3,10,2,7.5,5,14195271
59699,05/24/2007,IL,10,3,3,3,4,6,2,5,14003934
12056,03/18/2007,IL,5,4,1,4,5,3,2,5,13926394
86142,10/18/2012,FC,5,3,5,3,5,2,3,5,13263837
40083,06/16/2012,FC,5,1,1,2,4,3,3,5,13219803
67486,06/13/2009,IL,5,2,1,1,5,2,3,4,12952547
414,05/18/1998,FC,5,1,2,3,5,2,5,5,13573455
32742,03/01/2008,FC,4,3,1,5,5,8,3,5,14002931
90541,04/06/1998,IL,10,3,2,1,5,3,3,4,13292934
5092,06/07/2013,IL,5,4,2,3,5,5,3,5,15784103
49410,04/03/2010,FC,5,1,1,2,5,6,3,4,12306880
44180,02/26/2011,IL,8,2,3,1,4,2,3,5,12685487
85895,04/22/2010,FC,4,2,3,5,4,2,3,5,11733357
29221,06/24/2011,IL,5,4,2,1,5,2,0,4,11676207
36839,06/07/2013,IL,4,3,2,1,4,1,3,4,14800835
99956,03/01/2008,FC,5,4,1,3,10,2,5,3,13864968
13368,08/13/2011,FC,5,2,5,4,8,2,3,4,11174513
97242,03/30/2002,FC,5,6,4,4,5,2,3,5,13442619
91128,11/21/2009,FC,5,5,2,1,4,4,3,4,10585749
97161,09/23/2008,FC,5,3,2,5,5,5,1,5,12635688
18783,12/18/1998,FC,10,5,3,2,5,4,5,3,16742551
56459,01/15/2013,FC,10,2,1,5,5,1,3,4,13791869
42750,09/01/2010,FC,5,1,1,4,3,2,2,4,14201489
8609,08/13/2011,FC,4,3,1,4,5,1,2,5,13669842
35061,11/25/2011,FC,5,2,4,2,5,4,3,4,12941987
90182,11/16/2012,FC,4,5,4,1,5,3,7.5,4,20577670
49568,03/05/1996,FC,10,4,1,1,5,2,3,4,12580831
74588,10/04/2000,FC,5,1,1,1,5,1,7.5,10,14278479
22189,05/02/2008,FC,5,2,3,1,5,2,3,4,13808831
15502,07/28/2000,DT,5,1,1,4,8,4,3,3,13780354
57982,08/22/2004,FC,4,3,3,1,5,2,3,4,15456270
25682,11/25/2008,IL,5,1,2,1,5,4,3,4,12337915
30132,09/17/2009,IL,5,1,20,2,4,4,2,5,7792293
99088,10/04/2012,DT,5,1,10,1,10,2,3,5,10045219
5052,11/02/2000,FC,4,5,1,2,6,2,2,4,14372516
87448,11/25/2008,IL,5,1,1,2,4,2,2,4,13112224
24212,07/14/2007,FC,5,2,1,1,3,4,2,5,14410844
75315,07/12/2012,FC,4,2,3,1,10,3,7.5,4,19875742
58612,08/07/2013,FC,5,2,2,1,5,10,2,4,12478137
75301,07/04/2011,FC,4,2,5,1,5,5,3,5,12899542
39310,08/26/2000,FC,5,3,2,2,4,3,3,5,13455839
69925,10/10/2011,IL,5,1,3,4,5,2,3,5,11756570
90676,06/23/2009,IL,4,3,3,5,5,5,3,4,12808264
99410,06/06/2013,FC,4,2,3,3,5,1,3,4,12649215
80924,11/01/2007,IL,4,2,1,1,5,5,3,5,15397576
24620,07/23/2011,FC,10,6,4,3,4,1,3,5,13317762
75337,03/19/2012,IL,4,2,1,1,3,2,2,5,13573872
74255,05/18/2011,FC,5,5,2,4,5,1,2,4,13842806
10307,01/23/2009,IL,4,1,1,2,4,2,1,3,14551046
62704,10/18/2012,FC,5,2,5,1,5,4,3,4,12139454
96833,02/01/2011,FC,5,6,5,1,10,4,1,5,14243500
47559,05/05/2007,FC,4,2,1,4,5,1,3,5,14332429
51940,09/23/2008,FC,5,8,2,2,8,3,1,4,20569389
87328,03/28/2009,IL,5,3,1,5,5,2,2,8,12003119
17358,12/23/2005,IL,5,1,2,5,5,2,3,5,18340756
17685,01/15/2013,FC,4,2,2,1,5,2,3,5,14077833
30996,02/09/2010,IL,4,5,1,2,5,3,3,4,12749364
71884,06/14/2013,FC,4,2,3,2,5,2,1,5,14330215
97176,08/25/2007,FC,5,2,1,2,5,2,3,5,13641692
17308,09/23/2008,FC,5,5,10,3,5,1,3,4,13273581
43637,09/23/2008,FC,5,2,1,1,8,2,7.5,4,13906542
22516,08/05/2011,FC,5,5,2,1,10,2,2,10,12553261
52619,10/28/2012,FC,4,4,10,2,10,1,7.5,10,12504740
60597,06/17/2010,IL,4,1,5,1,6,2,5,5,13529680
47185,07/14/2000,FC,5,6,2,1,5,2,1,5,21700989
43742,10/25/2013,FC,10,3,10,4,4,4,3,4,11673076
71857,08/28/2009,MB,5,4,5,2,5,3,3,4,12538680
90655,05/08/1995,IL,10,2,1,3,5,4,3,4,14370346
7423,12/20/1997,IL,5,4,1,5,5,4,2,8,16400951
2094,04/28/2012,IL,5,6,1,1,10,2,2,4,15130214
91233,10/06/2006,FC,8,5,2,5,5,2,3,5,14538093
69105,02/21/2013,IL,5,10,1,1,5,2,3,8,13182093
74301,06/08/2000,FC,5,1,1,2,4,2,3,5,13312650
29869,10/12/2013,IL,4,4,5,1,5,2,1,4,11929513
57976,12/20/2003,IL,5,2,1,2,4,3,3,10,12828450
43693,04/09/2011,FC,4,3,2,2,3,4,3,8,13364378
91572,09/26/2006,FC,5,2,10,1,4,4,3,6,12399732
10546,09/06/1996,IL,5,6,1,2,5,2,2,10,11582847
6125,02/19/2004,FC,10,3,2,3,4,2,3,5,14798050
67454,10/17/1995,IL,5,1,5,5,3,2,2,4,12472660
6682,02/15/2010,IL,5,2,1,1,10,1,1,5,15230709
2016,07/12/2013,FC,4,4,2,1,4,2,3,5,13940247
65169,03/19/2012,FC,5,4,2,5,5,2,1,5,13238710
99493,10/14/2013,IL,5,6,4,1,4,2,2,5,13043806
68429,11/03/2012,IL,5,4,2,4,5,3,2,4,13712285
78445,11/26/2009,IL,4,3,2,2,5,2,3,4,14965072
41617,06/15/2010,IL,5,2,4,2,4,2,7.5,5,14670790
89514,10/25/2013,FC,5,2,25,1,10,4,7.5,3,7286764
21669,06/08/2000,FC,5,5,4,5,5,4,2,5,13031864
4902,06/24/2011,IL,5,2,3,2,10,2,3,5,12462789
48384,01/22/2011,FC,5,4,15,1,3,2,3,4,10535333
83998,02/16/2010,FC,5,3,5,1,5,3,3,6,13010273
37786,07/17/2009,FC,5,4,1,2,8,2,2,5,13810381
83673,08/13/2009,FC,5,5,1,5,10,2,3,5,15081846
69932,05/01/1997,IL,5,2,3,3,4,2,0,10,10799209
94919,02/26/1998,FC,4,5,1,2,5,4,0,5,13206647
63749,09/26/2003,FC,5,4,3,4,3,2,1,5,12959338
17594,07/14/2007,FC,4,2,1,3,5,2,3,4,13209857
46372,04/04/2008,FC,4,1,1,1,5,2,7.5,5,14270093
31198,12/18/1998,FC,5,2,3,1,4,3,2,4,12839709
60784,12/31/2011,FC,10,3,5,2,4,2,3,4,12295625
50784,07/17/2009,IL,5,5,2,1,3,2,3,8,16287156
22807,11/17/2009,FC,5,1,2,1,5,2,1,3,12410274
7284,03/28/2009,IL,8,2,1,2,5,4,3,5,13050484
73860,03/15/2011,IL,5,1,1,1,10,3,3,5,14463929
27996,11/17/2009,FC,5,3,1,3,3,4,3,5,12773894
46123,05/16/2008,FC,10,1,4,1,10,5,3,4,11141271
20544,04/18/2006,FC,5,6,4,1,5,6,1,5,9239472
33563,12/17/2013,FC,5,1,1,4,4,1,3,4,16561375
26030,03/05/1996,FC,5,1,5,1,5,3,3,5,12922050
38960,10/04/2012,FC,5,2,2,2,8,1,3,4,13766177
81586,06/17/2010,IL,10,5,2,4,5,5,0,5,10797779
21148,11/25/2009,IL,5,1,5,1,4,4,3,4,12014624
29194,06/24/2011,IL,5,6,2,2,4,3,7.5,5,13999178
37560,06/05/1999,IL,5,1,2,2,3,1,2,4,12672278
96048,05/12/2013,FC,10,1,5,4,4,1,2.5,4,12668989
2954,11/26/2010,IL,5,3,10,1,5,3,3,4,15245254
12967,03/29/2013,FC,4,2,1,3,5,2,3,5,13630430
77725,09/20/2013,IL,5,1,2,2,6,3,1,4,13150036
30417,02/26/2011,IL,5,10,5,1,8,2,5,4,11613806
9786,11/25/2009,FC,5,1,1,4,5,3,3,4,11154518
63120,10/21/2011,FC,4,2,3,2,4,3,3,5,13724330
96743,06/30/2001,FC,5,3,1,2,4,3,3,5,16333309
4177,02/16/2010,FC,5,1,1,1,10,1,3,5,13851182
24631,10/26/2009,IL,5,1,1,2,5,2,7.5,5,14446009
38219,06/06/2013,FC,5,4,1,1,4,3,1,4,15255115
44041,10/24/2006,FC,5,4,2,2,5,1,3,5,14781061
94409,08/15/2005,FC,5,1,5,4,4,3,2,5,19374072
14890,05/02/2013,FC,5,1,1,2,8,2,2,5,14194321
9645,12/04/2012,FC,5,5,5,1,3,2,3,5,20127537
83618,07/15/2011,IL,5,6,2,2,5,1,5,4,12349641
81898,11/25/2011,IL,5,5,2,5,4,3,3,4,14134305
2901,04/09/2000,FC,5,5,1,1,10,1,2,5,13549267
56564,12/29/2012,IL,5,5,1,4,4,3,5,4,12237379
8285,10/29/2007,FC,5,1,1,2,5,2,3,4,14322071
36956,12/18/2010,FC,10,3,3,4,5,2,7.5,5,18756314
1546,06/28/2012,IL,5,1,2,1,5,1,3,4,14158646
37967,02/26/1998,IL,5,4,1,1,5,3,3,4,12290993
6227,02/07/2009,IL,5,3,1,1,8,2,1,8,12668803
74549,01/07/2011,IL,8,3,2,3,5,6,3,4,13108475
13960,08/24/1996,IL,8,1,2,1,5,2,2,4,13317801
15129,11/29/2008,FC,8,3,5,1,5,8,3,4,12907766
71025,11/17/2009,FC,4,1,2,1,5,2,7.5,5,14640013
38228,12/18/2010,IL,4,1,2,1,5,4,7.5,2,13785763
44898,05/02/2013,IL,4,5,10,1,4,10,7.5,5,12315057
4180,05/16/2008,FC,5,1,1,2,5,3,5,4,14100891
92494,06/16/2012,FC,5,3,10,1,3,2,3,4,9099937
15616,03/17/2007,IL,5,4,10,1,3,4,5,5,10725609
28016,02/19/2004,FC,10,5,2,3,3,2,2,4,12392786
88868,09/15/2007,FC,10,6,15,2,4,2,2,5,8813755
59505,06/27/2007,FC,5,5,5,2,4,3,1,4,12162536
64619,03/24/2008,FC,5,3,5,2,10,4,5,4,14916591
32302,09/15/2006,FC,5,4,4,3,4,5,2,5,10476300
72667,06/01/2010,IL,5,4,1,1,3,2,2,4,13886917
4680,07/04/2011,FC,4,5,1,2,2,2,2,10,13249815
72079,03/19/2012,IL,10,2,1,3,2,2,1,4,14166924
46055,11/04/2011,FC,5,4,3,3,3,3,0,3,12738921
52992,02/11/1998,IL,4,10,5,2,3,4,3,8,12446702
97663,09/01/2010,FC,5,5,1,5,5,2,3,5,14559011
62377,10/25/2013,FC,4,8,1,3,5,2,3,4,19551870
26922,12/04/1999,FC,4,1,1,3,5,3,3,5,13977458
60945,09/26/2006,IL,8,3,2,5,5,3,3,3,13816310
81172,11/22/2012,IL,4,4,5,2,5,2,0,4,13252237
1586,10/04/2012,FC,5,1,3,4,4,2,3,4,15269108
92714,11/13/2009,FC,5,3,15,4,5,3,3,4,14564010
13660,11/05/2011,FC,10,2,1,1,10,3,3,4,16111406
58080,04/06/1998,FC,5,2,1,2,5,2,3,4,13844594
67719,07/04/2011,IL,10,1,1,2,5,2,3,4,14890399
52647,06/01/2010,FC,10,3,3,1,4,1,3,6,20233175
93333,07/28/2000,IL,4,2,2,5,5,4,7.5,5,11232033
73613,12/23/2012,IL,5,1,15,2,4,3,3,5,9348402
42723,09/26/2003,FC,4,2,2,1,8,4,2,5,14441978
37957,12/07/2008,FC,5,6,5,1,5,2,3,4,12676746
60375,09/28/2010,FC,5,2,3,2,10,2,3,4,13080535
20588,08/02/2010,IL,10,1,1,4,10,2,3,4,12911959
8464,08/25/2007,FC,5,4,1,2,5,4,3,4,15458786
63727,09/15/2006,FC,5,3,25,3,5,1,5,5,6317238
59658,10/04/2013,FC,10,1,2,2,10,2,3,4,13854648
89527,05/06/2013,FC,5,4,1,1,4,2,3,4,14364855
51361,01/01/2000,FC,5,2,3,5,5,2,1,4,13472469
28992,12/17/2010,FC,5,2,3,1,10,5,3,10,13117412
75959,12/16/2009,IL,4,1,5,5,2,1,2,5,13816839
68665,10/28/2012,FC,10,3,2,4,5,3,1,5,14975245
73090,01/18/2013,FC,4,2,3,1,4,2,1,4,12377141
99538,01/23/2009,FC,5,3,4,2,5,2,7.5,4,11888125
16211,10/21/2011,FC,5,4,25,4,5,2,0,4,7817400
55362,10/18/2012,IL,4,3,2,1,3,4,7.5,5,13693290
57536,12/24/2010,FC,5,1,1,5,4,2,7.5,4,13890697
16261,02/19/2010,FC,4,1,2,3,5,2,3,5,13162973
50791,05/03/2013,IL,5,1,20,1,4,2,7.5,4,7917535
82355,03/07/2010,IL,5,3,3,1,5,2,2,4,11463591
79257,06/07/2013,FC,5,5,2,5,5,2,0,5,14614741
63016,06/20/2011,IL,5,2,2,5,5,2,3,5,13196681
45139,10/04/2000,FC,10,4,1,4,4,1,2,5,13018498
67563,11/27/2008,FC,10,3,2,2,5,2,2,5,12762588
68242,10/22/2006,FC,5,10,5,1,4,2,7.5,10,12543298
65439,09/04/2009,IL,5,4,1,3,4,3,3,5,13746584
76014,02/09/2010,IL,5,2,5,1,5,2,3,4,13637877
81460,07/09/2013,FC,4,2,3,4,5,2,3,5,14206199
11966,02/15/2010,FC,8,6,1,5,5,5,3,2,14728167
26998,09/09/2005,IL,5,3,20,1,5,2,1,5,9067803
1916,03/06/2009,FC,10,3,2,3,4,3,3,4,12706126
61866,01/22/2013,FC,4,4,2,2,5,4,3,4,13821662
20761,11/21/1999,FC,10,4,3,1,5,2,7.5,5,9704361
46415,12/28/2011,IL,10,3,1,2,5,2,2,4,13147378
36815,01/03/2013,IL,5,2,1,2,5,2,2,4,14145898
16911,10/18/2012,FC,5,1,1,1,4,2,2.5,4,21238889
85128,04/22/2008,FC,5,3,1,2,4,3,2,5,12792126
51910,09/20/2013,FC,4,3,2,4,4,3,3,5,15801211
48421,12/03/2013,IL,10,2,1,5,3,2,7.5,5,13481813
49361,01/20/2012,IL,5,1,10,5,3,1,3,4,11365509
44382,08/11/2007,FC,5,4,1,1,5,4,3,4,13936239
39385,03/05/1996,FC,5,10,10,2,5,2,2,5,11654578
78032,06/01/2012,FC,5,5,3,1,5,4,3,4,13897274
90388,05/01/2012,IL,8,4,1,4,3,1,1,10,14308595
39212,12/06/2013,IL,10,3,5,3,4,1,3,8,11156249
69447,12/31/2011,IL,5,1,3,1,5,2,7.5,4,15239104
19078,05/01/2009,FC,5,3,1,2,5,2,3,5,13614044
44305,12/16/2009,IL,4,2,1,4,4,5,7.5,8,13819206
81896,09/09/2013,IL,5,10,5,1,5,3,3,4,11281251
64707,07/04/2009,IL,5,3,15,5,4,2,1,4,9229444
12638,07/07/2010,IL,5,1,15,4,5,5,3,4,10260631
32985,08/13/2011,IL,5,2,1,1,5,4,1,5,14659622
2555,04/09/2011,FC,5,3,2,2,3,2,7.5,5,13852957
9263,10/14/2013,FC,5,3,2,4,5,1,3,5,12142007
38129,11/26/2010,IL,5,5,1,1,5,3,3,4,15502362
54072,04/18/2008,FC,10,1,4,1,10,3,2,5,11840251
93770,11/25/2008,IL,5,3,2,4,5,5,3,4,13477559
30355,04/01/2000,FC,5,3,25,2,5,1,1,4,8378114
54062,04/22/2008,FC,5,8,1,1,5,3,2,5,13631466
31860,12/20/1997,IL,5,4,1,4,5,3,3,5,13238560
21766,10/04/2000,FC,5,1,1,1,4,4,3,5,14284034
11621,12/23/2005,IL,4,2,4,2,5,4,3,5,13267090
93094,12/24/2010,IL,10,1,1,3,5,2,3,5,13071547
20886,04/09/2011,FC,5,2,5,5,4,2,1,5,14701439
68171,07/22/2010,IL,5,5,2,2,5,2,3,4,14682956
48391,10/22/2006,IL,8,3,2,4,5,5,3,8,14773827
41991,06/15/2010,FC,10,5,1,3,4,3,3,4,13676764
72701,09/03/2010,FC,4,5,1,2,3,2,3,5,19028659
16253,02/26/1998,FC,5,3,1,3,4,1,3,4,13396918
99789,03/06/2013,FC,5,2,1,4,4,3,3,4,13920031
26790,09/19/2009,FC,5,1,4,1,8,2,3,1,12185390
84227,04/12/1997,FC,5,3,5,3,10,2,7.5,5,12977118
66845,07/04/2008,FC,5,1,25,4,3,4,2,5,8207090
98453,01/04/2014,FC,10,1,1,3,4,6,1,3,13209828
41765,03/16/2006,IL,4,4,3,1,5,5,3,4,14852797
19415,09/01/2010,IL,5,1,2,4,4,1,2,5,13384143
23223,05/08/1995,IL,10,1,1,2,5,2,3,4,12791198
27110,05/07/2010,IL,5,1,25,3,5,5,7.5,4,8501617
56284,11/03/2012,IL,5,4,1,3,8,3,7.5,4,13697048
46255,11/22/2009,FC,4,3,1,2,5,2,3,5,13431654
15432,12/21/2012,FC,5,2,5,2,4,3,2,4,11958731
43449,05/06/2013,IL,4,8,1,1,5,2,3,8,13056154
60946,10/06/2007,FC,5,5,1,1,8,4,3,5,12740207
84110,09/21/2012,IL,4,4,1,5,5,3,3,4,13421001
65983,02/26/2011,IL,5,3,1,2,4,2,2,5,15626077
69639,11/22/2012,IL,5,5,1,1,4,2,3,4,12563608
19302,09/26/2006,IL,5,6,3,5,5,4,3,5,14910601
54673,10/23/1999,DT,5,4,1,5,4,4,2,5,14089878
93455,12/16/2009,IL,5,3,25,1,5,1,3,4,4555789
27810,05/02/2013,FC,5,5,5,5,5,1,3,6,13230618
19418,09/21/2012,IL,5,5,1,2,5,4,3,4,20998331
25607,06/06/2003,FC,10,10,2,2,3,1,1,2,13752115
63201,11/19/2009,FC,4,3,1,1,4,2,3,8,14551220
29037,02/26/1998,FC,8,4,3,2,5,5,3,3,12772627
7911,08/30/2013,FC,5,2,5,3,5,6,3,5,14351757
85513,05/01/2012,FC,5,3,1,4,5,2,1,10,10510062
80258,06/01/2009,IL,5,3,1,2,3,4,1,5,13764965
71656,05/30/2006,IL,10,4,2,1,8,2,2,4,14068888
88175,03/06/2009,FC,5,3,2,2,5,2,3,8,12341269
36925,01/14/2011,FC,5,6,10,3,5,3,3,3,10872509
69838,10/28/2012,FC,5,3,1,5,10,4,3,4,12934826
7903,02/16/2007,FC,5,5,4,1,5,6,7.5,3,10537494
76256,08/25/2007,FC,5,3,3,5,4,2,2,4,12877949
80885,03/24/2009,IL,5,4,3,4,8,2,3,5,20368141
83145,08/05/2011,FC,4,1,1,4,4,6,3,4,13648508
81920,01/23/2009,FC,8,3,1,5,5,4,3,10,12582940
76944,07/12/2012,FC,5,1,5,1,5,2,2,8,11545662
30788,08/05/2011,FC,4,5,3,1,5,4,3,3,10844504
23086,07/04/2011,FC,10,4,2,3,5,2,3,4,14091985
76189,06/23/2009,IL,5,3,1,4,3,3,7.5,4,13931721
18659,03/27/2013,FC,5,2,15,5,5,5,3,4,9745992
26830,07/14/2000,IL,5,1,3,3,5,1,3,4,13207428
83081,04/21/2007,DT,5,2,5,2,3,2,3,5,10215788
96186,04/12/1997,IL,5,6,1,2,4,2,7.5,8,20053329
50127,11/17/1995,FC,4,3,2,2,5,2,2,8,12368944
37477,02/09/2000,FC,5,3,3,1,5,2,0,5,13470876
38217,06/28/2012,IL,5,2,1,5,5,2,2,4,13365910
83139,12/30/2011,IL,5,2,3,3,8,4,1,3,11801550
61086,05/02/2008,FC,4,4,1,3,4,4,1,5,13841996
6709,02/16/2007,FC,5,1,2,5,4,2,3,5,14561543
22600,05/24/2007,IL,5,1,2,1,5,2,3,10,12759373
31184,11/22/2012,IL,5,5,3,2,5,3,3,10,13004880
54336,12/24/2010,DT,5,10,1,2,5,1,1,4,21202622
17464,10/04/2013,FC,5,1,2,3,5,4,3,5,12821698
90225,11/26/2009,FC,5,6,5,1,4,2,2,5,12087710
74767,09/01/2001,FC,10,3,1,3,4,3,3,10,13228148
32972,08/02/2011,IL,5,6,5,1,5,2,3,4,13672354
48328,09/08/2010,FC,4,5,3,5,3,1,3,5,13540686
92162,10/04/2013,FC,5,3,5,3,4,2,3,4,12535215
57117,09/28/2010,IL,5,1,1,1,5,4,7.5,4,14819608
80705,06/01/2012,IL,5,3,3,1,5,2,3,5,18538693
545,09/13/2006,FC,5,4,3,4,3,3,2,10,14063136
91558,02/06/2007,FC,5,2,20,5,5,3,1,5,8605447
59396,11/08/2013,IL,5,5,4,2,5,3,2,5,12029019
55282,09/28/2008,FC,4,3,1,4,6,1,3,5,14560079
98729,09/13/2006,FC,5,1,5,1,5,3,1,3,13232845
25003,02/16/2007,FC,4,3,1,4,3,2,3,5,15054716
70525,01/22/2013,IL,5,5,5,2,3,2,7.5,4,9431644
63729,09/01/2010,IL,5,5,25,2,5,2,1,6,12816555
20471,12/06/2013,IL,4,1,3,1,4,3,3,5,14387812
9323,11/26/2009,FC,4,3,2,2,4,2,2,5,12804730
83838,05/16/2008,FC,5,5,3,3,5,1,3,4,13311539
32569,11/29/2007,FC,5,3,1,3,5,2,3,5,14252581
60389,08/01/2008,FC,5,4,1,1,3,3,7.5,4,12970631
27075,10/30/2013,FC,5,1,1,3,5,6,1,6,16126690
60353,09/21/2012,IL,4,4,1,3,5,2,3,10,14222862
26064,10/18/2012,IL,5,10,1,2,5,1,3,3,19130385
46566,06/24/2011,IL,5,1,1,1,5,3,2,4,12894843
2364,08/14/2009,FC,5,5,5,2,5,4,3,5,13517952
52708,05/30/2006,FC,8,3,1,3,10,2,3,4,20335517
9076,04/08/2010,FC,5,5,1,3,5,2,3,5,11104577
58276,11/03/2012,IL,4,2,3,2,4,3,1,5,13689393
70571,11/08/2013,IL,8,1,3,3,3,5,2,8,13188160
18187,06/07/2013,IL,4,3,5,3,3,2,7.5,4,8959086
95815,06/23/2009,IL,5,4,4,1,5,3,3,4,18561069
83530,04/28/2012,IL,5,4,1,3,8,5,2,5,16587296
28984,11/22/2009,FC,5,2,10,3,5,4,3,8,12422224
61944,09/15/2007,FC,10,5,1,2,4,1,2,5,15912048
67631,06/05/2012,FC,5,3,5,1,5,2,3,4,18459213
38821,03/18/2007,FC,5,2,1,2,3,3,3,4,20292345
36545,05/29/2013,FC,5,2,1,1,3,1,3,4,14694416
13663,12/11/2012,FC,5,6,5,4,5,1,3,4,10440108
45623,08/24/1996,FC,4,1,15,2,10,2,7.5,10,9633491
35058,11/26/2010,FC,4,1,2,2,5,2,3,8,15487605
99711,07/04/2008,FC,5,3,10,1,5,3,2,5,10823564
52759,11/26/2009,IL,4,4,3,1,5,3,3,3,13291974
79580,05/18/2011,FC,4,1,2,3,5,4,3,10,15559040
32911,01/01/2000,IL,5,5,1,1,10,2,3,4,13755708
31095,11/14/2012,IL,5,3,2,1,5,2,3,6,16406104
57031,12/06/2013,IL,5,3,1,5,4,1,2,5,13120541
86966,03/29/2013,FC,8,3,1,3,5,3,7.5,1,10255445
79014,06/01/2012,IL,5,4,1,2,5,2,2,5,13803973
32853,12/24/2010,FC,4,5,3,1,4,3,3,5,12194868
16522,01/07/2011,IL,5,3,15,1,4,1,3,4,9285617
94755,02/26/2011,IL,4,10,1,4,4,4,3,4,13258420
15664,08/07/2013,FC,5,1,1,3,5,1,3,5,14895295
13122,07/15/2013,IL,10,1,1,4,5,2,3,4,15976412
77170,11/29/2008,FC,4,10,5,2,2,2,3,5,11949700
21993,09/26/2006,IL,5,5,5,3,5,2,3,10,13803041
11824,06/06/2013,FC,5,10,15,2,5,4,3,2,10253838
41410,05/29/2013,IL,4,3,1,1,3,2,3,5,12006765
77083,07/10/2013,FC,10,5,1,1,5,3,3,4,12783567
91513,04/06/1998,FC,10,4,1,2,5,2,3,4,13738200
94822,08/02/1995,IL,5,5,1,4,5,2,2,5,13206388
3913,04/14/2009,FC,5,4,3,1,3,1,2,10,14320681
75734,12/24/2010,IL,5,3,2,4,4,4,0,5,13700241
41313,10/05/2010,IL,5,3,1,1,10,2,1,5,13909345
8993,10/21/2011,FC,5,2,2,1,5,2,3,5,13817070
78548,03/27/2013,IL,4,1,1,3,5,2,7.5,4,12961361
10369,06/06/2007,IL,10,4,1,4,5,3,2,10,13746300
8970,04/08/2010,FC,4,3,3,2,3,2,3,5,12572235
64078,06/26/2010,FC,10,2,3,1,5,3,3,5,14445837
56515,11/01/2007,FC,5,3,1,4,3,3,2,5,12669820
51009,06/06/2003,FC,5,2,10,1,5,2,0,10,11221227
49502,02/16/2010,FC,10,2,20,3,5,3,7.5,5,10627540
98084,04/17/2009,IL,5,3,1,1,4,4,5,10,21331116
44396,01/22/2013,FC,4,3,2,1,3,2,7.5,5,12989589
47523,11/29/2008,IL,5,2,4,3,3,1,2,4,12501922
32415,10/14/2013,FC,5,3,4,2,5,3,2,10,14432578
44745,06/07/2013,IL,5,3,2,1,4,4,2,4,20292095
26191,01/31/2012,IL,5,10,5,1,4,5,3,5,12073701
6520,07/10/2013,FC,5,2,2,2,4,5,3,5,12818302
28098,10/24/2006,FC,5,3,1,3,6,3,1,5,13238588
86836,04/18/2008,FC,4,3,3,1,4,3,3,3,14954083
86318,11/13/2013,FC,5,4,1,1,5,2,3,10,16282233
1725,12/29/2012,IL,5,2,4,1,4,1,7.5,5,13175222
44964,03/09/1998,IL,5,6,10,2,5,2,3,5,9337222
69557,07/30/2010,IL,5,2,2,3,4,2,2,2,12368953
8496,01/27/2005,FC,5,3,1,5,5,4,3,3,13047981
52977,11/12/2010,IL,5,4,2,1,5,4,1,8,13346981
87779,12/16/2009,FC,5,4,4,1,5,2,7.5,4,12044690
93305,08/08/2013,FC,5,2,4,5,4,2,3,4,12599432
47032,03/16/2007,FC,8,1,1,4,5,2,3,5,13808325
32205,07/09/2013,IL,10,1,3,2,2,4,3,5,13292684
55486,12/02/2007,FC,4,5,5,1,4,3,7.5,3,13116355
98192,05/24/2007,IL,4,1,2,1,4,2,3,4,11405916
66624,10/06/2007,FC,5,3,1,1,10,2,7.5,8,14149053
51347,07/28/2000,DT,10,3,4,1,5,2,3,5,13904647
80298,10/05/2010,IL,10,3,1,2,4,3,3,4,14252323
73740,11/27/2011,FC,5,3,25,2,4,2,3,8,7714391
57962,05/07/2010,IL,5,5,3,4,5,2,3,5,13432895
29862,06/01/2010,IL,5,4,15,5,5,8,2,5,9551131
72023,12/29/2012,IL,5,2,20,1,4,2,3,5,9080463
25710,09/19/2009,IL,5,2,1,4,3,2,1,5,13162619
67644,07/12/2012,FC,5,3,5,3,10,2,1,5,20693081
75509,07/22/2010,IL,5,3,4,2,4,2,3,4,12664710
75871,03/29/2013,FC,5,6,3,1,10,3,3,4,16237868
14621,09/06/1996,FC,5,5,4,5,5,2,7.5,4,12716453
26826,05/01/2010,IL,5,2,15,5,4,2,2,3,10619269
48530,11/13/2009,FC,4,4,15,4,5,3,3,5,12040261
11116,12/17/2013,FC,5,4,3,4,4,2,2,5,12908275
14323,06/20/2011,IL,4,2,1,3,5,5,3,4,13772727
79461,04/04/2008,IL,5,1,2,2,4,3,2,5,13536267
71232,10/28/2012,IL,4,2,15,1,5,2,3,4,6897650
75053,08/19/2006,FC,5,3,2,3,10,3,3,4,12798831
48861,04/12/2013,IL,8,1,1,4,5,1,1,4,11782268
40475,04/22/2008,FC,5,3,1,5,5,1,1,5,13617346
37891,12/02/2008,FC,5,1,3,4,5,3,3,5,12086399
76115,08/13/2009,FC,5,2,5,3,5,2,3,3,14730263
51010,01/15/2013,FC,5,2,2,1,5,2,3,4,13143210
19610,08/06/2009,FC,5,5,3,3,5,3,3,6,12291301
75735,07/23/2011,IL,4,2,2,3,5,2,3,5,13534553
84029,07/31/2013,FC,5,4,3,2,4,5,1,4,16011786
76956,09/06/1997,IL,4,1,3,1,2,3,5,10,12957593
76728,05/16/2008,IL,5,1,1,1,10,2,0,5,13240359
78307,03/07/2010,IL,5,3,3,3,5,5,3,5,12770889
82513,04/04/2008,IL,10,1,5,3,4,4,3,5,11757414
28340,01/01/2000,IL,5,1,5,4,4,5,7.5,5,12452338
62196,10/24/2006,FC,8,1,5,4,5,10,2,5,17535118
65311,09/10/1998,DT,8,1,1,4,5,2,3,5,12038841
25142,09/03/2010,FC,5,5,1,1,4,3,1,8,12857176
86564,07/10/2004,IL,5,3,2,1,10,4,3,8,11329312
5532,02/29/2012,FC,10,4,3,2,4,2,3,4,15876026
67664,11/27/2011,FC,5,3,5,2,3,2,3,4,19595245
1771,12/06/2013,FC,5,2,1,2,5,3,5,3,13940939
54255,04/18/2006,IL,5,1,1,4,5,5,10,3,12712310
70527,12/02/2007,FC,10,4,1,3,4,2,3,4,15059757
57259,04/09/2011,IL,5,1,3,3,4,1,2,4,13581434
35078,12/18/2010,IL,4,3,1,1,5,5,3,5,13938700
80020,04/03/2010,FC,4,2,5,5,5,2,3,5,12181603
57666,04/21/2007,FC,4,4,2,5,5,10,2,4,13791266
71436,07/07/2010,IL,5,3,3,1,5,2,1,4,13227312
81093,07/14/2000,IL,4,2,1,1,5,4,3,10,22175874
14900,09/07/2010,FC,5,10,4,1,4,4,3,10,15498096
82205,12/21/2012,IL,5,3,5,4,4,2,0,5,12096307
17240,12/28/2010,FC,5,1,2,1,10,2,3,3,20306607
31331,05/05/2007,FC,5,3,1,2,5,2,3,4,13404706
52356,02/11/1998,IL,5,5,2,5,10,2,1,8,12293308
77991,08/01/2010,FC,10,5,1,3,5,2,2,4,12526534
50627,03/18/2011,IL,4,4,3,3,5,2,3,4,13479669
78585,06/24/2012,FC,5,1,1,4,5,2,3,5,13576829
12429,10/22/2006,FC,10,2,10,5,4,2,3,4,11119046
92250,07/15/2011,IL,10,2,1,2,3,6,1,5,14096484
26632,04/03/2010,FC,5,4,5,4,4,1,2,4,12563203
9635,06/28/2012,IL,5,3,15,1,5,2,3,1,7846244
42853,06/15/2010,FC,5,2,1,5,5,4,3,5,15004708
43983,03/17/2007,IL,5,4,1,2,3,2,3,10,12458915
61534,11/01/2007,IL,5,1,5,1,5,2,3,3,13007617
34411,04/19/2013,IL,5,10,1,2,8,2,1,4,13641392
82170,12/02/2008,FC,5,2,4,3,4,1,3,5,12618333
25812,04/18/2006,DT,10,1,1,2,5,2,3,4,20932350
82732,04/22/2008,FC,5,4,1,4,5,1,0,4,14291788
82123,06/01/2010,IL,5,10,3,4,5,2,3,6,12868061
5431,10/15/2011,IL,5,3,1,2,5,2,2,5,15328259
40561,10/26/2009,IL,5,2,3,2,5,3,3,5,12734405
80936,03/15/2011,FC,4,4,2,3,10,2,1,5,14109856
64353,03/05/1996,FC,4,2,2,1,5,2,7.5,5,12510410
69235,08/01/2010,FC,10,1,1,1,5,2,2,4,14030144
66237,10/28/2012,FC,5,1,1,1,5,3,7.5,5,13198167
88791,08/02/2011,FC,4,1,1,2,2,2,3,4,11745960
64450,04/09/2000,FC,5,1,3,1,4,1,2,4,13213270
49531,08/05/2011,FC,5,1,1,3,5,2,1,4,14451004
32027,08/23/2013,IL,5,3,1,4,4,3,7.5,5,14695380
81194,11/19/2009,FC,5,4,2,5,3,1,7.5,4,12954850
11253,06/27/2007,IL,5,4,5,2,5,3,3,8,18147205
54553,09/28/2010,IL,5,4,10,4,4,6,3,5,11703664
87632,12/28/2011,FC,4,10,2,5,5,2,7.5,2,13699642
95877,06/01/2012,FC,10,4,2,1,4,2,3,5,13718562
74258,03/14/2012,IL,5,1,4,5,5,2,2,5,16885146
25730,06/24/2012,FC,5,3,3,4,8,3,3,4,17208582
45555,03/16/2006,IL,4,4,1,4,5,3,2,4,13306319
14535,08/11/2010,FC,5,4,1,2,4,2,3,4,15316653
14949,11/21/2009,FC,5,1,1,2,8,2,3,4,14431418
45349,02/19/2004,FC,8,3,3,3,3,2,3,4,9781911
16999,01/14/2011,FC,5,3,1,2,10,5,2,5,14336147
45126,10/18/2012,FC,5,5,2,4,5,2,3,5,14328644
25778,06/05/1999,IL,4,5,4,3,5,4,3,6,13967593
49639,10/06/2010,DT,4,4,5,4,3,3,2,5,11580150
24836,10/23/1999,DT,5,2,3,1,5,2,1,4,12866925
33511,03/19/2009,FC,5,10,5,2,4,4,3,5,12439651
83756,04/12/2013,IL,5,2,1,2,5,5,7.5,5,16119307
80961,06/24/2011,IL,5,1,5,1,3,2,5,4,11645378
15590,02/11/1998,IL,5,2,10,2,5,2,5,2,10770264
78780,04/22/2008,IL,5,4,2,4,4,2,3,5,14932991
68720,01/31/2012,IL,5,10,2,2,5,2,3,2,13517005
68120,07/04/2011,IL,5,8,2,3,3,4,2,8,14258595
63253,06/20/2011,IL,5,2,2,5,5,1,7.5,5,14125067
86107,12/03/2013,IL,10,1,3,2,5,4,3,4,15484108
66761,06/01/2012,IL,5,2,5,1,5,1,2,3,11580044
16885,08/25/2007,FC,4,2,4,1,5,2,1,10,13057088
56154,09/17/2009,DT,5,5,3,2,4,1,3,5,11782318
15692,04/26/2013,FC,8,3,25,1,3,2,2,5,6456517
84370,03/06/2009,IL,5,3,15,1,5,5,3,10,9032319
72147,03/16/2006,IL,10,10,4,3,3,2,3,8,12544623
65754,04/09/2000,FC,5,2,2,2,8,3,1,3,9831326
89223,05/01/1997,DT,5,3,25,1,4,1,7.5,5,5711994
90273,02/11/1998,IL,5,4,5,1,3,3,3,2,12379440
65557,03/29/2013,IL,4,1,1,1,5,4,3,5,13514493
64082,04/17/2009,FC,5,2,1,1,5,2,3,4,16630487
85195,09/09/2005,IL,5,2,5,3,4,4,7.5,3,13003660
46630,02/09/2000,DT,5,4,3,5,4,3,2,5,12445205
98002,06/04/1996,IL,5,1,5,2,3,1,2,10,12022032
39539,04/18/2008,FC,4,3,2,1,5,2,5,4,11614316
20982,03/07/2010,FC,5,4,5,4,3,3,3,5,13070336
936,01/04/2014,IL,5,4,2,1,5,2,3,4,16098621
89468,08/02/1995,IL,10,5,20,1,5,1,2,5,9064905
22302,09/06/1996,IL,10,5,3,2,3,2,3,4,13325626
36995,03/06/2013,FC,4,5,1,4,5,5,2,4,18840112
84482,07/16/2012,IL,4,1,1,1,5,2,1,5,13739447
68578,06/06/2003,FC,4,3,1,1,8,4,3,5,13720805
78376,02/01/2011,FC,5,2,3,1,4,3,3,4,15861947
62060,11/29/2008,FC,5,3,5,1,5,4,3,5,13014063
55142,03/29/2013,FC,5,1,3,2,5,2,1,4,12631499
5554,11/27/2008,FC,4,4,1,2,4,1,3,4,16517913
91354,02/07/2007,FC,5,2,1,1,5,2,1,1,13395783
27147,10/25/2013,FC,5,4,1,3,4,2,3,4,13229454
19095,01/15/2013,FC,8,5,2,3,4,2,7.5,8,17175386
22071,10/21/2011,FC,8,4,2,3,4,2,3,4,12844801
5792,11/22/2009,FC,5,2,2,1,5,1,3,4,14152251
68848,04/28/2012,IL,10,4,1,4,10,2,3,5,13713184
68047,01/03/2013,IL,10,4,3,1,5,5,3,5,12857535
89479,11/29/2008,FC,5,1,4,2,5,2,1,5,13363757
21557,08/11/2007,FC,5,1,3,1,5,4,1,4,20623999
28122,04/22/2008,FC,4,3,2,1,4,5,3,5,13793608
8527,12/23/2012,IL,5,2,4,1,4,2,3,1,14622477
45583,05/30/2006,FC,5,4,1,1,5,5,3,4,14354505
36551,11/25/2009,FC,4,5,4,1,4,2,1,4,12661777
17067,06/16/2012,IL,4,3,1,2,3,2,3,4,14307246
88723,11/25/2011,FC,10,2,2,3,10,2,3,5,13043828
80698,12/04/2012,IL,4,2,5,1,6,1,5,4,12401390
41115,04/09/2000,FC,5,3,1,2,4,2,3,5,13517229
16681,03/05/1996,FC,10,2,1,3,5,2,3,5,12544656
17532,04/19/2013,FC,5,3,5,1,5,3,7.5,4,13474936
62297,04/04/2008,IL,5,5,5,2,10,3,3,5,12299109
66133,01/16/2009,IL,5,5,3,2,5,2,1,5,11134252
13282,03/19/2009,IL,4,2,1,1,4,2,3,5,20791417
9704,12/24/2010,IL,5,2,4,1,4,2,2,5,13260844
99377,11/14/2012,IL,5,4,15,4,5,2,3,5,12949077
12985,12/17/2010,FC,5,4,1,1,5,1,7.5,4,13539826
80552,02/19/2010,IL,5,2,1,2,5,2,3,5,14501061
69150,01/18/2013,IL,5,2,1,3,10,2,3,4,13614250
31916,11/17/2009,FC,5,2,1,2,4,1,3,4,13406981
77082,11/13/2009,FC,5,4,3,2,3,4,3,8,13006063
41310,08/25/2006,FC,5,5,1,1,8,3,1,4,14624593
96151,11/22/2012,IL,5,1,1,1,5,4,1,8,17042843
2484,03/15/2011,IL,10,2,1,5,5,2,3,3,12728461
33603,08/26/2000,DT,10,2,3,1,5,3,0,5,12015501
59653,09/20/2013,IL,5,2,4,3,3,2,3,4,13400978
28704,10/15/2012,IL,5,4,1,3,5,2,7.5,4,13636641
1523,10/06/2010,FC,10,1,1,2,5,4,3,8,13470476
28029,04/09/2011,FC,5,4,1,2,5,4,2,8,20764034
38769,10/30/2013,FC,10,5,1,1,4,3,3,4,11295804
66877,10/28/2008,IL,5,5,1,5,5,2,3,4,11830007
75783,10/23/2004,FC,5,2,1,1,5,2,3,4,19189367
39425,02/01/2011,FC,5,8,2,3,5,2,3,5,12627513
1075,10/25/2013,FC,5,2,2,2,5,4,3,8,12276961
37276,11/27/2008,FC,5,3,1,3,3,2,0,4,17779798
47578,01/31/2012,IL,5,4,15,2,5,3,0,4,18898210
2017,11/25/2008,IL,4,2,1,2,10,2,2,4,12245892
97974,06/01/2009,IL,10,3,1,1,5,2,3,4,15138676
19517,09/17/2009,FC,4,4,3,2,5,3,3,4,11397039
7420,05/29/2013,FC,5,4,2,1,5,3,1,8,13788250
898,06/23/2009,IL,5,10,2,1,4,2,3,4,13857683
87890,01/18/2013,IL,5,4,3,5,5,2,5,4,11629912
73001,09/03/2010,FC,5,2,3,4,8,2,3,4,13180979
84322,12/28/2011,FC,5,4,4,2,5,1,2.5,5,11698711
27239,04/21/2007,FC,5,2,2,1,5,5,1,5,13626792
65181,02/15/2010,IL,5,2,3,4,5,3,3,4,11129505
59835,02/15/2010,IL,5,4,4,1,5,3,3,3,13503559
6385,08/11/2007,IL,4,4,15,4,4,2,7.5,3,9821812
17556,02/09/2010,IL,5,6,2,2,5,2,3,10,14201247
80054,02/19/2004,FC,5,4,2,1,4,4,3,4,13722353
76654,06/01/2010,IL,5,4,2,2,4,1,3,4,13271667
74239,09/20/2013,IL,4,1,2,1,5,6,3,4,13652338
49523,11/05/2008,IL,4,4,1,1,5,2,2,5,14654115
70146,06/24/2012,FC,5,4,5,3,3,3,3,10,11355500
28108,08/18/2012,MB,5,1,2,2,4,2,3,5,14120471
46315,04/17/2009,FC,10,5,2,4,4,3,3,4,11767077
74116,07/10/2013,FC,5,2,4,2,4,2,1,3,13433217
39155,03/28/2009,IL,5,3,1,4,5,4,2,4,14232222
80481,02/01/2011,DT,4,1,1,1,5,10,5,10,13019647
31786,10/06/2007,FC,5,2,5,3,5,4,2,5,13055152
54636,06/24/2011,IL,5,5,2,1,4,2,3,5,21276270
8374,04/28/2012,IL,5,4,2,5,5,2,2,5,14187813
43903,07/30/2010,IL,4,3,1,3,4,2,3,5,15047774
76805,11/21/2009,FC,5,4,4,5,5,2,2,5,11456923
95078,02/27/2013,FC,5,1,2,1,4,2,1,3,12932782
26536,11/26/2009,IL,10,5,3,1,3,2,2,4,13221235
7275,01/27/2005,FC,4,3,2,1,5,2,3,2,12434964
96378,09/01/2001,FC,4,6,1,3,5,4,5,4,14970404
94113,08/02/2011,FC,4,4,1,1,4,2,3,5,13466948
23606,11/01/2006,IL,8,2,3,1,5,3,3,4,13237458
37521,04/18/2008,IL,5,3,3,2,3,5,3,5,13054829
20483,07/05/1997,FC,4,2,2,2,4,10,3,4,13033208
93177,12/02/2007,IL,5,4,1,5,5,4,5,4,12852344
3703,10/04/2012,FC,5,2,2,1,4,3,3,10,12760752
5350,09/13/2006,IL,10,3,2,2,5,3,3,5,11756473
82735,06/13/2006,IL,4,10,2,2,5,2,1,3,13345404
57021,12/17/2013,FC,5,3,1,2,10,2,3,5,14090829
63732,07/04/2011,FC,5,3,4,1,10,3,7.5,5,13074947
35202,03/07/2011,IL,5,3,3,5,4,2,3,3,12885615
45474,04/14/2010,FC,5,4,1,1,4,2,7.5,4,14428008
56795,02/21/2013,IL,5,6,4,1,5,2,2,4,11731611
55346,08/25/2007,FC,5,4,1,1,10,2,3,5,11184673
51908,12/04/1999,FC,4,4,2,2,4,2,7.5,5,14173986
55382,09/09/2010,FC,5,3,1,2,5,2,3,5,10560369
20195,02/27/2013,FC,4,5,10,5,5,2,2.5,4,10684275
63,08/05/2013,FC,5,1,3,5,5,8,3,4,11638874
47581,03/01/2008,FC,4,3,2,3,5,2,3,8,13202208
41468,09/26/2009,FC,5,4,2,1,3,3,3,5,14222848
24089,05/15/2012,FC,4,10,5,1,5,4,3,5,11138135
48141,04/26/2013,FC,5,5,2,1,5,4,3,5,13327815
58779,05/02/2013,FC,5,5,1,1,3,5,2,4,13993484
18503,07/12/2012,IL,5,8,1,2,5,4,2,5,13763897
30632,02/07/2007,FC,5,2,3,2,5,1,3,4,13948008
73178,09/26/2009,FC,5,1,1,1,5,2,1,5,14344981
82753,10/06/2010,IL,5,3,4,1,4,2,3,3,18793120
19908,02/29/2012,FC,10,3,1,4,5,2,3,4,12490527
30726,06/01/2012,FC,4,4,5,1,4,2,3,5,12207983
41208,05/01/2012,FC,5,3,1,1,5,3,2,8,13171220
39794,08/01/2000,FC,5,4,1,2,5,2,3,8,13451841
76307,11/14/2012,IL,10,3,2,1,4,5,3,4,13224858
31800,03/06/2009,FC,5,1,2,1,5,5,3,4,13976881
64083,04/01/2000,FC,4,3,2,3,5,2,3,4,12342216
39491,06/15/2010,IL,5,10,25,2,10,3,2,5,5894936
848,10/15/2011,FC,5,10,1,1,3,2,3,5,13095599
48701,07/12/2012,FC,5,5,25,5,5,4,3,4,7541646
88389,01/16/2009,IL,5,2,3,3,5,3,1,4,12511981
99957,06/18/2007,FC,10,2,2,1,5,4,5,5,20917298
33682,10/18/2012,FC,4,3,1,1,5,2,3,4,13725264
34524,10/12/2013,IL,5,5,2,4,10,2,7.5,4,12908530
4815,12/18/2010,IL,5,6,4,1,3,3,3,10,13126907
30253,09/26/2003,FC,5,3,1,4,5,3,3,5,20048336
34666,05/12/2013,FC,5,5,3,4,5,3,2,4,13487414
39973,06/30/2001,FC,5,3,2,2,5,2,2,5,15409592
81487,05/08/1995,FC,5,5,10,4,5,5,2,10,11043546
52842,11/13/2013,FC,4,2,2,2,4,4,2,5,11880750
2591,12/04/2012,IL,5,3,1,5,10,3,7.5,4,19549364
78021,11/21/1999,FC,4,3,1,1,5,2,3,5,12353468
76679,11/22/2007,IL,5,2,1,1,8,2,2,5,14443415
7840,12/07/2004,DT,8,1,1,4,3,1,3,5,12133993
70394,05/06/2013,IL,5,5,3,3,5,2,1,5,14183055
53727,05/02/2008,FC,5,2,4,1,5,2,3,8,12701755
35641,12/29/2012,IL,5,4,4,3,5,2,3,4,12788563
61253,02/16/2012,IL,4,1,1,5,5,2,3,4,12199084
36598,09/13/1999,DT,4,8,2,1,5,5,0,3,14471723
48825,12/30/2011,FC,5,4,2,1,6,3,3,5,13830768
29897,04/03/2010,FC,5,4,2,1,4,2,3,5,13250857
10009,10/12/2013,IL,10,10,2,1,4,4,3,5,14494602
43074,12/31/2011,IL,10,4,1,2,4,3,3,2,12003254
15824,11/05/2011,FC,8,5,5,1,5,4,3,4,12922735
58491,11/21/2009,FC,5,10,1,2,3,2,3,4,13346920
66940,03/19/2012,IL,4,4,2,4,5,5,3,4,11998828
60615,06/07/2013,IL,4,5,5,1,5,5,1,4,13258953
51573,02/21/2013,IL,5,3,1,4,10,8,2,4,15848737
37802,12/23/2012,IL,4,4,2,4,5,2,1,3,13669358
57653,03/28/2009,IL,5,10,1,2,5,4,2,4,13542785
22119,05/01/2013,FC,5,1,3,5,5,3,3,5,14292741
34094,08/30/2013,FC,5,1,2,3,4,2,7.5,5,12819153
10041,08/11/2007,FC,8,5,2,3,5,3,3,5,15917711
8760,08/06/2009,FC,5,5,1,1,5,2,2,4,14466756
84415,09/09/2005,IL,5,5,3,2,5,2,0,4,12270701
11088,04/17/2009,FC,5,6,2,4,5,3,2,8,14959116
63095,08/24/1996,IL,5,3,25,5,5,2,3,5,15150147
77425,08/01/2000,FC,5,10,5,1,5,8,3,4,11911690
37826,06/01/2009,FC,4,4,1,1,4,2,3,5,15424300
87094,04/01/2000,FC,8,2,5,2,6,5,3,4,13164816
13323,05/24/2007,IL,5,2,1,5,5,2,3,5,14167934
86065,11/12/2010,FC,5,2,3,4,3,1,0,4,12632358
28066,09/09/2005,IL,10,1,1,1,5,2,7.5,5,14425529
95625,10/30/2013,FC,5,1,5,1,2,1,3,5,11194835
44543,10/17/2008,FC,5,2,3,2,5,1,3,5,13097238
13953,06/13/2006,FC,5,1,2,2,5,2,3,5,12443383
11219,03/16/2007,FC,4,6,1,2,5,2,3,3,17547125
6134,10/30/2013,FC,5,4,1,2,4,10,2,5,14374894
29178,03/16/2007,FC,5,4,5,5,10,5,3,4,11642724
70906,10/11/2010,IL,10,2,1,1,8,2,0,5,13865763
23140,01/22/2013,FC,5,1,1,4,5,3,10,5,12900346
53225,08/20/2004,IL,10,1,2,2,5,2,7.5,5,11320749
55742,02/16/2010,FC,10,5,5,3,5,2,3,5,13138928
63199,10/21/2011,FC,4,2,2,3,4,2,2.5,5,12438881
98227,04/14/2010,FC,5,3,4,5,5,2,3,5,12278259
15278,12/03/2013,FC,8,1,10,1,5,2,3,5,11686974
44054,05/04/2012,IL,4,4,3,1,5,3,3,3,15246699
88911,08/13/2011,FC,5,2,2,2,5,2,3,4,12326682
15812,06/18/2007,FC,5,2,3,3,4,3,1,1,12567828
98451,07/07/2010,FC,4,2,25,1,5,2,3,3,6664472
56630,07/18/2011,IL,4,4,1,1,4,2,3,2,11014819
56450,09/03/2010,FC,5,4,15,3,10,1,2,4,9577239
64939,05/02/2013,FC,4,3,3,3,5,4,3,5,21010055
30534,05/18/1998,IL,5,4,5,4,4,2,3,4,13042224
6584,11/05/2011,FC,5,2,5,5,5,2,0,10,13127536
40554,09/17/2009,FC,10,2,3,1,8,4,3,4,13306387
40058,12/02/2007,FC,5,4,5,2,4,5,2,4,20116818
30970,10/15/2011,IL,4,1,1,1,5,1,3,5,14193544
16984,08/11/2007,IL,5,2,1,4,5,3,3,8,12295732
2903,06/01/2012,FC,5,2,1,1,4,2,2,5,13984623
96429,12/28/2011,IL,4,3,1,1,5,4,3,5,20495458
52236,11/22/2009,FC,5,3,3,3,4,4,3,4,14409502
3957,02/09/2010,IL,8,5,3,1,5,2,0,5,13410115
48249,01/15/2013,FC,4,2,4,5,3,2,3,5,12935239
95164,09/15/2011,FC,5,5,25,5,3,1,2,1,7422787
19658,01/01/2000,IL,5,5,1,2,5,1,2,5,15450807
12525,02/19/2010,FC,5,5,3,5,5,2,3,5,9375586
84844,11/01/2007,IL,5,5,3,1,5,2,3,10,13902252
35208,12/18/1998,FC,5,2,15,2,10,4,2,4,10083017
81335,01/01/2000,IL,5,2,25,3,2,2,3,10,6467721
3719,04/01/2000,FC,5,5,4,1,4,5,0,5,11833950
52730,05/01/2012,FC,10,6,4,1,4,2,7.5,8,12596234
76076,08/01/2008,FC,5,4,10,2,5,2,3,4,10283826
71104,06/13/2009,IL,4,3,1,1,5,3,3,4,12687178
82251,03/03/2012,IL,5,5,1,5,5,4,3,5,13680669
4811,05/01/2010,FC,4,3,3,1,10,4,1,4,12273442
25599,12/04/1999,IL,5,8,1,2,5,6,3,5,20024324
5652,08/15/2005,IL,4,5,10,2,4,1,3,5,15591927
78094,04/18/2008,FC,4,3,1,1,10,3,3,4,14291586
84350,05/04/2012,FC,5,2,3,1,5,4,3,5,11509437
66379,09/20/2013,FC,4,5,5,4,5,3,7.5,4,12791331
67832,07/17/2009,IL,5,3,5,2,10,2,3,4,12277741
71819,08/01/2008,FC,5,10,3,4,5,3,5,5,10661320
91408,08/20/2011,FC,4,4,2,4,10,2,7.5,4,20736858
54958,05/04/2012,FC,5,2,5,1,4,2,3,5,18482843
43941,11/27/2008,FC,8,5,3,2,5,5,2,5,16302181
46730,02/11/1998,IL,5,3,1,1,5,4,3,4,13646034
5266,08/03/2012,MB,5,2,5,2,5,2,3,5,13337249
79689,12/02/2008,FC,5,1,1,5,3,2,3,1,13290812
55678,03/05/1996,FC,5,4,1,4,4,2,3,4,16607984
29800,08/25/2007,FC,5,3,1,5,4,2,3,8,15033482
2758,02/01/2011,FC,5,8,15,5,6,1,2.5,4,10455137
90371,04/03/2010,FC,5,2,4,2,5,2,2,4,13755261
35764,07/07/2010,IL,5,5,20,2,5,6,7.5,5,9713127
76874,05/01/2012,FC,4,2,2,2,4,10,3,5,16872303
20147,03/03/2012,IL,5,1,3,4,8,4,2,5,18671332
96874,08/25/2007,IL,4,3,1,1,3,2,1,4,12981391
2974,09/13/1999,FC,4,5,1,3,4,2,1,3,14589612
57737,11/25/2009,IL,4,1,25,1,5,3,3,5,6315705
49355,02/15/2010,IL,5,4,2,1,5,2,2,4,20676126
36804,02/07/2009,FC,5,3,1,1,3,2,0,4,12940185
59833,11/13/2013,IL,5,2,1,1,5,2,2,6,21424861
66392,09/15/2007,FC,10,3,4,2,5,4,5,5,16330583
98692,12/12/2011,FC,5,5,4,1,5,2,3,5,16458094
93075,02/01/2012,IL,5,4,1,5,3,2,3,4,12763296
9783,04/28/2012,IL,4,4,5,3,4,1,2,4,13565386
2712,11/22/2012,IL,5,5,3,1,5,2,3,5,13338343
62738,06/15/2010,IL,5,5,2,5,5,2,3,4,13743612
25718,02/26/2010,FC,5,4,5,1,3,4,3,5,19874831
91942,11/13/2013,IL,5,3,1,1,5,2,5,5,19145013
17503,03/01/2008,FC,5,6,1,1,5,2,3,8,15885341
24546,03/05/2012,FC,5,2,20,3,5,10,3,4,8980826
48543,10/06/2007,FC,10,3,1,1,4,2,3,5,13613862
96735,12/03/2013,FC,5,3,5,3,5,2,7.5,4,14749705
15671,07/18/2011,FC,8,1,1,4,3,2,3,3,13013454
54650,02/29/2012,FC,5,2,1,3,5,4,7.5,4,15336986
68009,10/18/2012,FC,4,4,1,5,5,5,3,4,13718885
96891,05/02/2008,FC,4,1,1,1,10,2,3,4,15926926
10224,12/28/2011,FC,10,2,3,5,10,4,0,4,13209345
41921,12/02/2008,FC,5,3,2,5,10,5,3,5,13455475
58386,12/03/2012,IL,5,5,1,5,3,2,1,4,15234953
50074,06/13/2006,FC,4,1,2,3,5,6,3,4,21672455
11494,12/08/2012,FC,10,4,1,2,5,2,3,4,13656383
41687,04/28/2012,IL,5,10,1,3,4,2,3,10,14519939
67123,09/06/1996,IL,4,1,3,3,3,3,2.5,10,13694561
36396,04/06/1998,FC,5,1,1,1,4,2,3,5,12803392
15276,02/01/2011,FC,10,2,2,1,5,2,2,4,14171652
70659,09/03/2010,FC,10,4,1,1,4,2,3,5,13180500
36790,03/02/1998,FC,5,4,2,3,5,2,3,5,15123183
95307,09/01/2001,FC,10,1,3,5,4,2,3,5,10219729
83663,03/02/1998,FC,4,10,20,3,10,1,3,5,10902867
46980,10/11/2010,IL,5,1,3,5,10,3,7.5,8,14171401
17794,01/03/2013,FC,8,6,4,4,6,4,1,8,13466937
22309,07/10/2013,FC,4,3,1,2,10,2,3,8,13287519
57448,03/05/1996,IL,5,5,1,3,10,2,3,5,12976033
8204,07/10/2013,FC,4,2,3,2,4,3,7.5,5,12444757
74748,03/26/2005,FC,5,2,1,2,4,6,1,10,12811499
92470,04/12/2012,FC,5,1,10,1,4,4,3,5,11019668
22172,06/05/1999,FC,5,6,20,4,8,6,3,5,5360162
65997,07/09/2013,FC,5,2,3,3,5,3,2,5,12982228
39274,10/29/2007,FC,8,5,4,2,5,1,3,3,11098450
83934,04/09/2000,FC,5,2,2,1,4,3,3,4,13636439
15665,08/02/2011,FC,5,3,1,3,4,6,3,5,12479852
40502,06/05/1999,FC,5,6,4,3,5,5,3,4,17430115
21173,05/24/2007,IL,5,5,1,3,8,3,1,4,14883921
62376,04/06/1998,FC,5,3,1,2,5,8,3,4,14979197
12288,06/01/2010,IL,5,5,2,1,5,3,5,4,13560831
6659,10/18/2012,FC,5,10,1,2,10,2,3,2,13284176
96290,08/02/2011,FC,4,2,3,1,4,2,3,5,20468367
16762,01/23/2009,IL,4,3,3,1,4,2,3,4,13203087
98956,12/06/2013,IL,8,4,20,2,10,2,3,5,7983682
66673,04/17/2009,FC,5,4,10,3,5,2,7.5,4,19860052
58643,02/26/1998,FC,5,4,1,2,5,4,3,5,13300200
40449,11/26/2009,IL,5,5,5,1,5,3,2,5,12300485
45513,02/11/1998,IL,4,4,1,5,4,4,5,4,11033938
94722,08/02/2011,FC,5,3,3,1,4,4,2,5,14027737
84540,02/29/2012,FC,5,2,5,3,5,3,3,5,12024085
98033,11/27/2008,IL,5,4,2,4,4,5,2.5,5,14702044
81674,11/29/2008,FC,5,1,1,4,4,3,7.5,8,14228806
46797,02/26/2010,FC,5,5,5,1,10,4,3,5,13946093
32280,02/26/1998,IL,5,4,2,2,3,3,3,4,13592590
13752,03/02/1998,IL,5,5,1,1,5,2,7.5,5,14235731
57723,07/14/2000,IL,5,2,4,2,10,2,3,5,11519352
62850,07/12/2013,IL,5,3,2,2,5,2,3,4,13026196
60908,08/19/2006,IL,8,3,1,2,5,2,3,3,14127401
63374,07/20/2007,FC,5,2,5,1,10,2,7.5,10,20560787
39003,05/03/2013,FC,5,6,10,1,5,3,2,8,11015523
42923,12/23/2005,IL,10,1,5,1,5,1,0,5,14179728
10797,11/13/2009,FC,5,6,10,3,3,3,2,5,10581013
53246,09/03/2010,FC,8,10,4,4,4,3,3,5,12368813
38007,02/16/2012,FC,5,1,1,3,10,2,3,5,21294021
42486,07/23/2011,IL,5,3,3,3,4,3,3,8,13181495
96254,11/22/2012,IL,5,4,1,5,8,2,0,5,13303273
61665,12/12/2011,FC,5,1,1,1,4,1,2,3,13968516
72562,11/19/2009,IL,5,3,1,2,6,2,2,4,14155892
97015,03/16/2007,FC,5,1,25,3,4,3,7.5,4,14278370
86272,06/01/2012,FC,5,4,1,1,4,2,1,4,10614951
97435,06/16/2012,FC,5,2,5,2,4,4,3,8,12198302
7245,09/01/2001,FC,5,2,3,3,5,2,2.5,10,12947799
36670,06/07/2013,FC,8,1,1,3,5,3,1,5,12687101
90610,10/23/1999,DT,5,4,2,3,5,4,3,5,14230663
25552,05/18/1998,IL,4,4,1,2,4,1,2,3,15349307
5471,10/10/2011,FC,10,5,2,1,3,5,3,5,12108722
19509,05/02/2013,FC,5,1,3,2,4,3,7.5,5,19440057
38373,12/28/2010,IL,5,2,1,1,5,4,3,8,14391458
42896,10/06/2006,FC,5,1,1,5,4,2,2,5,13354429
52122,07/04/2008,FC,5,3,15,1,4,2,2,5,9658742
78415,12/07/2004,DT,5,1,25,4,5,2,2,5,7031307
1209,03/18/2007,IL,5,6,1,1,5,4,3,5,13151096
33658,07/10/2013,IL,5,1,1,1,5,2,3,5,14618791
55147,09/04/2009,FC,4,1,25,4,5,4,7.5,5,5978521
81622,09/23/2008,IL,5,3,5,3,5,1,3,4,12185841
30642,03/24/2008,FC,4,2,1,5,5,3,3,4,12973682
3933,10/25/2013,FC,5,4,1,1,4,2,3,4,15787200
71209,12/31/2011,IL,5,4,3,3,4,4,3,4,15035044
30665,02/29/2012,FC,5,2,1,5,6,1,5,5,15062686
16411,03/06/2009,IL,5,1,1,2,5,2,2,4,14303763
86270,06/29/1997,IL,5,6,1,2,4,2,2,5,14097213
39280,04/26/2013,FC,5,1,5,1,5,2,1,3,12781151
55504,03/05/2012,FC,5,3,5,2,3,4,3,8,12356796
66115,08/15/2005,IL,5,5,20,2,5,5,3,8,8830930
80567,10/26/2009,IL,4,5,1,5,5,2,1,5,14586671
81440,12/07/2004,FC,4,5,4,2,5,2,3,5,13657361
49658,04/04/2008,IL,5,3,4,5,4,3,5,4,11546707
49066,02/09/2000,DT,5,4,1,3,6,1,3,4,17835030
62166,08/01/2010,FC,5,1,1,5,5,2,3,5,11772440
87875,08/13/2011,FC,4,1,2,5,3,4,1,10,12087618
80464,09/01/2010,IL,5,1,1,3,4,2,3,4,13408263
50413,12/28/2011,FC,5,3,4,5,4,2,3,4,21104310
95628,03/19/2012,FC,5,1,1,2,8,2,3,5,13806902
99578,11/22/2009,FC,5,2,2,3,5,4,3,5,11939155
76025,08/02/1995,IL,5,1,2,2,4,10,3,5,12560200
63044,04/28/2012,FC,5,4,2,1,5,4,3,4,12888485
53617,04/21/2007,FC,4,2,1,1,2,2,1,2,13905251
99733,03/05/1996,FC,5,2,1,2,5,5,3,5,13331624
50378,01/15/2013,FC,10,1,1,3,5,1,1,10,15729004
45655,11/01/2006,FC,4,2,5,4,10,5,3,5,13733150
91674,11/25/2008,FC,4,3,1,2,5,5,0,4,13738321
32831,05/02/2013,IL,5,3,2,2,5,2,1,5,13349314
34466,03/18/2011,IL,10,2,1,5,4,5,7.5,5,12918758
54318,12/06/2013,IL,5,3,10,1,4,5,2,5,9515783
37925,09/26/2006,FC,4,10,3,3,5,2,5,5,13383139
23404,01/15/2013,IL,5,4,3,2,10,2,2,4,12975060
82890,12/17/2010,FC,10,4,1,4,4,2,3,5,12867720
26390,05/15/2012,FC,4,2,3,2,5,2,3,1,13840562
85042,05/01/1997,IL,5,3,10,1,5,2,3,4,11037700
28879,08/06/2009,IL,8,4,1,3,4,6,3,4,12905633
57499,05/01/2013,FC,4,5,2,4,4,2,3,5,12212924
14878,10/04/2000,FC,5,4,1,2,5,2,2,5,14202755
73447,12/28/2011,FC,4,6,2,2,5,2,3,4,9839659
62982,03/16/2007,FC,4,1,10,1,4,1,3,5,11466664
93479,12/28/2011,FC,5,3,2,3,5,5,3,4,13823487
22394,10/17/1995,IL,5,3,1,5,5,4,1,4,14424570
99326,06/29/1997,IL,5,4,1,2,10,2,3,4,13743710
14356,06/01/2009,IL,4,3,2,1,5,2,2,5,13613722
47689,07/05/1997,FC,4,1,3,1,5,3,3,2,15421339
90049,09/23/2008,FC,4,1,1,4,10,1,3,2,13005338
66783,11/14/2012,IL,5,10,3,2,6,1,3,5,17546532
95880,11/22/2007,FC,5,4,1,3,4,2,1,5,14864979
15373,08/24/1996,IL,5,5,2,2,5,4,3,4,21515499
50032,01/17/2012,IL,10,4,1,5,2,2,3,2,11731013
50102,01/22/2013,FC,5,4,20,1,4,2,2,4,6874727
97346,03/26/2005,IL,5,1,1,1,8,3,3,8,16403447
9470,03/15/2011,IL,5,3,1,3,5,1,3,5,15501027
29182,04/06/1998,FC,4,2,4,4,3,2,2,4,14267913
38177,02/11/1998,FC,5,1,1,3,5,2,7.5,4,14318830
93303,08/27/1999,FC,10,5,1,2,5,4,3,4,15083097
55906,12/23/2011,IL,5,5,5,2,4,2,7.5,5,11962743
46844,05/01/2012,IL,5,4,1,5,5,4,1,5,13628365
98044,12/07/2008,IL,5,3,1,2,5,2,5,4,14843307
39579,04/12/2013,IL,10,4,3,1,5,1,3,4,12990720
80939,02/29/2012,FC,5,1,5,2,5,3,3,4,13134544
84742,11/19/2009,IL,5,2,2,4,5,4,3,4,12966347
24175,01/07/2011,FC,10,4,5,2,8,2,3,6,9555190
54453,08/27/1999,FC,5,3,25,1,4,2,3,6,15009382
67607,11/29/2008,FC,4,4,1,2,4,2,1,8,15932883
75372,04/04/2012,IL,5,3,1,2,5,2,3,5,14948385
42834,11/29/2008,FC,5,10,5,1,5,2,3,4,18741781
81046,11/12/2010,IL,5,4,5,3,5,2,3,4,12706446
85625,03/06/2013,IL,4,3,1,1,3,2,3,8,13855175
96611,12/30/2011,FC,5,4,10,2,5,5,3,5,12107098
75060,03/05/1996,IL,5,3,2,2,5,6,2,2,12055253
71390,11/25/2009,FC,5,3,1,1,5,5,3,4,14027641
37719,05/01/1997,IL,8,5,1,5,5,2,3,4,13965103
95275,12/28/2011,FC,4,2,1,1,2,2,3,5,12823536
99930,08/20/2004,IL,5,1,1,4,4,2,3,5,13859330
40230,01/04/2014,IL,5,2,1,1,4,2,2,3,13612561
43970,04/21/2007,FC,5,2,2,4,5,2,3,5,11671758
87770,07/07/2010,IL,5,4,5,2,3,2,2,4,11943431
47620,05/04/2012,IL,4,1,2,2,5,4,3,4,12431398
14186,10/21/2011,FC,4,1,1,1,10,6,7.5,3,13387220
50229,12/08/2012,IL,8,1,2,5,5,3,2,2,15970055
43669,02/26/2010,IL,5,3,4,1,10,2,5,4,13357757
43689,03/02/1998,FC,4,4,3,1,5,4,3,4,12532954
74257,05/05/2007,FC,10,10,10,3,5,4,2,8,12000744
39600,09/03/2010,FC,5,4,4,1,2,4,7.5,5,15580705
28413,02/29/2012,FC,4,6,3,2,4,2,3,5,11877350
77897,07/05/1997,FC,5,2,1,4,6,4,3,5,15070831
22905,07/04/2011,IL,5,4,5,2,5,2,3,4,12311427
59126,03/09/1998,IL,5,3,1,4,5,2,2.5,4,15386516
59431,01/27/2005,IL,5,3,1,1,4,2,3,4,13725499
95749,02/19/2004,FC,5,4,1,1,5,4,3,6,13192366
976,05/29/2013,FC,4,1,2,2,5,3,3,4,22436737
34520,09/09/2013,FC,10,1,1,5,8,2,3,5,13025460
51578,09/14/2009,IL,4,2,5,5,5,2,1,5,20026802
72746,07/12/2013,FC,5,2,1,3,10,2,2,5,13776763
48343,02/26/2011,IL,5,3,5,2,5,1,3,10,20922377
12577,09/07/2010,FC,5,2,1,1,5,6,3,8,19803313
2976,05/01/2013,FC,10,10,3,1,5,2,2,5,15138007
26272,06/08/2000,IL,5,2,25,1,3,3,2,4,9125283
6678,09/09/2013,IL,5,5,2,4,5,2,3,5,14258106
80019,03/19/2012,IL,5,5,1,1,5,2,3,5,14031267
75309,06/01/2010,FC,5,5,4,5,4,2,3,4,11900594
46446,01/05/2000,IL,4,2,5,1,5,2,2,5,12700988
76872,12/11/2012,IL,5,3,20,2,10,5,7.5,5,9556154
99570,07/04/2009,IL,5,2,1,4,5,1,2,4,13548612
46721,05/01/2010,FC,5,3,2,1,5,2,7.5,5,12121260
27373,05/18/1998,IL,10,2,3,5,10,2,3,4,12094989
37072,06/27/2007,FC,4,3,15,2,5,2,3,4,9294965
72580,06/07/2013,IL,5,5,25,5,5,2,3,4,8225248
54357,11/29/2007,FC,4,4,1,1,5,10,2,5,10781235
82172,05/16/2008,FC,5,1,1,3,5,3,3,8,14011412
7036,08/28/2009,MB,5,3,3,2,5,1,2,5,13323593
34748,06/15/2010,IL,10,4,15,2,5,2,2,5,9014095
32273,01/17/2012,IL,10,3,3,5,5,2,1,4,12635686
60854,06/01/2012,IL,5,5,2,3,8,3,7.5,4,13049828
53400,04/04/2012,FC,5,5,1,5,4,1,3,8,14053715
99895,12/07/2004,IL,5,2,3,3,5,2,3,5,13195968
90755,06/06/2003,FC,5,4,1,2,5,3,10,5,17655116
80973,10/30/2013,FC,5,4,1,1,5,2,5,4,13139505
29570,03/05/2012,IL,8,2,5,2,10,4,2,5,13243714
89100,06/28/2012,FC,5,3,1,5,5,3,3,5,13949022
1920,04/14/2009,FC,5,5,1,1,4,3,3,4,13276109
29960,07/15/2011,FC,4,4,3,1,5,2,3,5,12392204
52012,06/01/2012,IL,4,4,1,2,5,4,2,4,14076544
90621,08/02/2010,IL,8,4,1,1,3,2,3,5,18704408
46248,10/14/2013,FC,5,1,2,1,5,2,3,3,13055384
35291,02/27/2013,FC,10,3,5,2,5,4,3,5,12507091
72129,10/25/2013,FC,10,6,1,1,4,5,2,6,12772439
87464,04/12/2013,IL,8,2,25,1,5,2,3,5,5176886
74037,04/26/2013,FC,5,2,5,2,5,1,3,10,14500764
49343,02/07/2009,FC,8,2,3,5,4,4,3,3,18172152
6416,02/06/2007,FC,5,5,1,2,2,2,3,8,13702897
49354,07/28/2000,FC,5,2,3,1,5,2,3,5,12832524
44198,04/19/2013,IL,4,2,2,5,5,2,3,3,14101693
96559,06/06/2003,FC,5,5,1,3,5,1,1,3,13881887
77346,09/20/2013,FC,5,4,3,2,5,2,3,4,13984852
66136,12/23/2012,IL,5,4,5,2,4,2,3,8,14244949
51537,11/04/2011,IL,5,4,1,3,5,3,2,8,13383443
62039,10/06/2007,FC,4,1,3,2,4,2,3,4,20355445
39065,04/12/2013,IL,5,3,1,3,5,2,3,1,14600838
74664,04/04/2012,FC,5,2,1,1,3,2,3,3,19115668
96288,06/20/2011,FC,5,1,2,1,4,2,2,5,13903627
34701,06/14/2013,FC,5,4,1,5,5,4,3,5,13845535
19731,08/26/2000,DT,5,2,3,1,5,3,3,4,13897402
31335,01/15/2013,IL,4,3,1,5,4,2,3,4,13577538
75511,09/01/2001,FC,5,3,4,1,4,4,3,4,12976492
40602,07/16/2012,IL,10,4,5,2,5,2,3,5,13685241
53694,05/01/2012,FC,5,5,1,5,4,3,3,5,11360181
35289,12/03/2012,FC,5,3,1,5,5,2,1,5,21926844
97151,08/14/2009,FC,5,4,5,5,5,1,1,10,12617546
65694,04/14/2009,IL,5,5,1,3,5,2,3,4,15251916
6814,02/27/2013,FC,5,1,2,4,5,2,3,5,13988574
24593,04/06/1998,FC,5,5,10,1,5,2,3,4,10892846
14806,04/17/2009,FC,5,1,3,1,5,2,3,10,13935111
4503,01/26/2012,IL,5,4,1,5,4,2,2,4,12525306
80274,08/01/2008,FC,5,3,10,1,5,4,3,5,18675991
45790,11/25/2009,FC,4,2,1,1,5,2,3,6,14176908
44096,06/13/2009,IL,4,2,1,2,4,2,2,4,14583615
50835,03/15/2011,FC,5,1,5,3,5,2,3,10,12707651
30881,04/13/2007,FC,4,2,1,1,4,8,2,8,13145807
41039,10/04/2000,FC,5,10,1,1,3,3,3,4,14103470
57540,11/03/2012,FC,5,1,1,1,3,4,7.5,4,13938306
84285,08/11/2010,FC,5,1,4,2,5,2,3,4,13575853
83128,05/01/2009,FC,4,3,1,3,6,2,3,4,14284717
60392,10/12/2013,IL,8,5,1,1,10,3,2,4,11217881
59781,09/14/2009,IL,5,2,2,4,5,2,3,5,13858460
63123,07/04/2008,IL,10,10,3,2,3,2,3,5,9999338
1480,08/20/2004,IL,5,4,1,1,4,4,1,5,13461087
42016,01/14/2011,IL,5,3,1,4,4,6,2,4,13416324
90523,03/18/2011,IL,10,3,1,3,5,2,2,5,15065504
52255,04/14/2009,FC,4,1,10,5,4,4,3,4,12638707
58958,03/28/2009,IL,5,1,3,3,4,4,3,1,13516303
69966,07/07/2010,IL,4,4,1,1,5,1,2,4,13481550
79057,10/17/2008,FC,10,2,2,5,4,2,7.5,8,12294860
78500,05/30/2006,FC,5,2,1,2,5,1,2,5,18675184
38135,03/06/2013,FC,5,10,1,2,5,4,1,3,13099471
7396,04/09/2011,FC,4,4,5,2,5,5,3,4,12676604
97458,03/28/2009,IL,4,5,5,2,6,5,3,4,12705831
85942,03/05/2012,FC,5,3,1,1,3,4,2,4,12341747
45302,10/14/2013,FC,5,4,1,1,4,4,3,4,12095470
28857,05/18/2011,FC,5,3,3,2,5,3,1,4,13731940
23258,06/28/2012,IL,5,5,1,1,4,2,1,5,13721779
96380,06/16/2012,FC,5,10,2,3,5,4,7.5,5,12790149
61744,01/27/2005,FC,5,3,3,5,5,2,3,3,13564225
68313,09/17/2009,FC,5,5,4,5,4,5,3,4,19574754
33788,05/15/2012,DT,4,3,1,4,4,2,3,5,21137638
89885,11/17/2009,FC,4,3,1,2,5,3,2,5,12570534
98535,08/01/2010,IL,5,3,1,3,4,5,3,5,15811219
55330,04/21/2007,FC,4,3,3,4,5,10,3,5,14119851
62698,07/14/2000,IL,5,5,1,2,5,2,3,5,13961018
32767,09/06/1996,IL,5,3,10,4,4,3,0,4,10548417
3529,09/14/2009,IL,10,4,2,3,4,3,2,4,11357281
97154,03/05/2012,FC,5,6,5,3,5,3,3,5,20086259
19227,01/15/2013,IL,10,2,1,1,4,3,3,2,12954546
31481,01/04/2014,IL,10,2,1,2,8,5,3,3,13693195
77569,12/28/2011,FC,10,6,1,1,8,4,3,10,13968350
26681,12/28/2010,IL,5,4,5,1,5,4,3,5,12938088
76273,02/01/2012,FC,5,1,1,3,5,5,3,4,14070367
96831,11/29/2008,IL,5,1,2,1,5,2,3,5,13853512
83419,04/22/2008,IL,5,5,20,3,5,2,2,5,7544749
79800,03/18/2011,IL,5,4,5,3,5,2,3,10,9347020
88879,12/28/2011,IL,10,5,1,3,5,2,3,4,11458773
34685,03/26/2005,FC,4,5,5,4,5,2,3,5,13856372
55368,02/16/2007,FC,5,1,15,1,6,2,3,3,9663726
95616,10/21/2011,FC,5,2,2,1,5,4,2,3,13466052
50051,08/27/1999,IL,5,3,2,3,4,4,3,4,13594581
71345,01/22/2013,IL,5,1,1,1,4,2,7.5,4,14275779
92049,05/01/2013,IL,5,5,1,4,4,1,7.5,5,13670381
38564,11/13/2009,IL,4,4,1,1,8,4,3,4,13203404
28898,12/20/2003,IL,5,4,1,2,5,1,3,5,20764381
33890,05/02/2008,FC,4,8,1,4,4,2,3,4,13546700
93633,05/01/2013,FC,10,3,1,4,5,1,3,4,15673428
25503,12/03/2012,IL,5,4,2,2,4,5,3,5,14149239
72221,09/09/2010,FC,5,2,1,3,3,6,1,5,22546413
85691,09/13/1999,DT,5,5,1,3,8,3,3,5,16200412
31923,12/30/2011,FC,5,5,2,1,5,1,2,4,12826897
97457,11/03/2012,IL,4,5,2,4,3,2,2,4,12200195
10776,03/18/2007,IL,5,2,1,2,4,4,7.5,5,13193076
24502,08/03/2012,FC,4,3,5,1,3,5,1,2,12837942
79266,04/17/2009,FC,5,5,1,4,5,5,2,6,14190781
16235,01/16/2009,DT,4,4,5,1,5,3,1,4,11682019
15900,08/30/2013,IL,5,2,1,1,5,8,7.5,4,13962450
83079,06/15/2010,FC,5,1,1,4,5,2,2,4,14890637
48128,04/04/2008,IL,5,2,5,3,10,2,7.5,4,11899651
64298,04/03/2010,FC,5,3,1,2,4,3,3,4,21411141
62516,11/05/2008,IL,5,5,5,2,5,2,3,5,12977200
82677,01/04/2014,IL,5,1,10,1,8,5,5,4,11725660
5374,09/15/2011,FC,5,3,2,1,5,2,3,3,14768804
58694,08/18/2012,IL,4,4,3,4,6,2,2,3,12073340
39941,12/07/2004,DT,5,2,5,5,5,2,1,5,13015676
64478,03/05/2012,FC,5,1,2,1,4,3,3,5,9964550
48784,08/25/2006,FC,5,5,5,2,4,2,3,4,19821941
